,data,taxa_selic,fator_diario
0,2023-07-21,13.65,1.00050788
1,2023-07-20,13.65,1.00050788
2,2023-07-19,13.65,1.00050788
3,2023-07-18,13.65,1.00050788
4,2023-07-17,13.65,1.00050788
5,2023-07-14,13.65,1.00050788
6,2023-07-13,13.65,1.00050788
7,2023-07-12,13.65,1.00050788
8,2023-07-11,13.65,1.00050788
9,2023-07-10,13.65,1.00050788
10,2023-07-07,13.65,1.00050788
11,2023-07-06,13.65,1.00050788
12,2023-07-05,13.65,1.00050788
13,2023-07-04,13.65,1.00050788
14,2023-07-03,13.65,1.00050788
15,2023-06-30,13.65,1.00050788
16,2023-06-29,13.65,1.00050788
17,2023-06-28,13.65,1.00050788
18,2023-06-27,13.65,1.00050788
19,2023-06-26,13.65,1.00050788
20,2023-06-23,13.65,1.00050788
21,2023-06-22,13.65,1.00050788
22,2023-06-21,13.65,1.00050788
23,2023-06-20,13.65,1.00050788
24,2023-06-19,13.65,1.00050788
25,2023-06-16,13.65,1.00050788
26,2023-06-15,13.65,1.00050788
27,2023-06-14,13.65,1.00050788
28,2023-06-13,13.65,1.00050788
29,2023-06-12,13.65,1.00050788
30,2023-06-09,13.65,1.00050788
31,2023-06-07,13.65,1.00050788
32,2023-06-06,13.65,1.00050788
33,2023-06-05,13.65,1.00050788
34,2023-06-02,13.65,1.00050788
35,2023-06-01,13.65,1.00050788
36,2023-05-31,13.65,1.00050788
37,2023-05-30,13.65,1.00050788
38,2023-05-29,13.65,1.00050788
39,2023-05-26,13.65,1.00050788
40,2023-05-25,13.65,1.00050788
41,2023-05-24,13.65,1.00050788
42,2023-05-23,13.65,1.00050788
43,2023-05-22,13.65,1.00050788
44,2023-05-19,13.65,1.00050788
45,2023-05-18,13.65,1.00050788
46,2023-05-17,13.65,1.00050788
47,2023-05-16,13.65,1.00050788
48,2023-05-15,13.65,1.00050788
49,2023-05-12,13.65,1.00050788
50,2023-05-11,13.65,1.00050788
51,2023-05-10,13.65,1.00050788
52,2023-05-09,13.65,1.00050788
53,2023-05-08,13.65,1.00050788
54,2023-05-05,13.65,1.00050788
55,2023-05-04,13.65,1.00050788
56,2023-05-03,13.65,1.00050788
57,2023-05-02,13.65,1.00050788
58,2023-04-28,13.65,1.00050788
59,2023-04-27,13.65,1.00050788
60,2023-04-26,13.65,1.00050788
61,2023-04-25,13.65,1.00050788
62,2023-04-24,13.65,1.00050788
63,2023-04-20,13.65,1.00050788
64,2023-04-19,13.65,1.00050788
65,2023-04-18,13.65,1.00050788
66,2023-04-17,13.65,1.00050788
67,2023-04-14,13.65,1.00050788
68,2023-04-13,13.65,1.00050788
69,2023-04-12,13.65,1.00050788
70,2023-04-11,13.65,1.00050788
71,2023-04-10,13.65,1.00050788
72,2023-04-06,13.65,1.00050788
73,2023-04-05,13.65,1.00050788
74,2023-04-04,13.65,1.00050788
75,2023-04-03,13.65,1.00050788
76,2023-03-31,13.65,1.00050788
77,2023-03-30,13.65,1.00050788
78,2023-03-29,13.65,1.00050788
79,2023-03-28,13.65,1.00050788
80,2023-03-27,13.65,1.00050788
81,2023-03-24,13.65,1.00050788
82,2023-03-23,13.65,1.00050788
83,2023-03-22,13.65,1.00050788
84,2023-03-21,13.65,1.00050788
85,2023-03-20,13.65,1.00050788
86,2023-03-17,13.65,1.00050788
87,2023-03-16,13.65,1.00050788
88,2023-03-15,13.65,1.00050788
89,2023-03-14,13.65,1.00050788
90,2023-03-13,13.65,1.00050788
91,2023-03-10,13.65,1.00050788
92,2023-03-09,13.65,1.00050788
93,2023-03-08,13.65,1.00050788
94,2023-03-07,13.65,1.00050788
95,2023-03-06,13.65,1.00050788
96,2023-03-03,13.65,1.00050788
97,2023-03-02,13.65,1.00050788
98,2023-03-01,13.65,1.00050788
99,2023-02-28,13.65,1.00050788
100,2023-02-27,13.65,1.00050788
101,2023-02-24,13.65,1.00050788
102,2023-02-23,13.65,1.00050788
103,2023-02-22,13.65,1.00050788
104,2023-02-17,13.65,1.00050788
105,2023-02-16,13.65,1.00050788
106,2023-02-15,13.65,1.00050788
107,2023-02-14,13.65,1.00050788
108,2023-02-13,13.65,1.00050788
109,2023-02-10,13.65,1.00050788
110,2023-02-09,13.65,1.00050788
111,2023-02-08,13.65,1.00050788
112,2023-02-07,13.65,1.00050788
113,2023-02-06,13.65,1.00050788
114,2023-02-03,13.65,1.00050788
115,2023-02-02,13.65,1.00050788
116,2023-02-01,13.65,1.00050788
117,2023-01-31,13.65,1.00050788
118,2023-01-30,13.65,1.00050788
119,2023-01-27,13.65,1.00050788
120,2023-01-26,13.65,1.00050788
121,2023-01-25,13.65,1.00050788
122,2023-01-24,13.65,1.00050788
123,2023-01-23,13.65,1.00050788
124,2023-01-20,13.65,1.00050788
125,2023-01-19,13.65,1.00050788
126,2023-01-18,13.65,1.00050788
127,2023-01-17,13.65,1.00050788
128,2023-01-16,13.65,1.00050788
129,2023-01-13,13.65,1.00050788
130,2023-01-12,13.65,1.00050788
131,2023-01-11,13.65,1.00050788
132,2023-01-10,13.65,1.00050788
133,2023-01-09,13.65,1.00050788
134,2023-01-06,13.65,1.00050788
135,2023-01-05,13.65,1.00050788
136,2023-01-04,13.65,1.00050788
137,2023-01-03,13.65,1.00050788
138,2023-01-02,13.65,1.00050788
139,2022-12-30,13.65,1.00050788
140,2022-12-29,13.65,1.00050788
141,2022-12-28,13.65,1.00050788
142,2022-12-27,13.65,1.00050788
143,2022-12-26,13.65,1.00050788
144,2022-12-23,13.65,1.00050788
145,2022-12-22,13.65,1.00050788
146,2022-12-21,13.65,1.00050788
147,2022-12-20,13.65,1.00050788
148,2022-12-19,13.65,1.00050788
149,2022-12-16,13.65,1.00050788
150,2022-12-15,13.65,1.00050788
151,2022-12-14,13.65,1.00050788
152,2022-12-13,13.65,1.00050788
153,2022-12-12,13.65,1.00050788
154,2022-12-09,13.65,1.00050788
155,2022-12-08,13.65,1.00050788
156,2022-12-07,13.65,1.00050788
157,2022-12-06,13.65,1.00050788
158,2022-12-05,13.65,1.00050788
159,2022-12-02,13.65,1.00050788
160,2022-12-01,13.65,1.00050788
161,2022-11-30,13.65,1.00050788
162,2022-11-29,13.65,1.00050788
163,2022-11-28,13.65,1.00050788
164,2022-11-25,13.65,1.00050788
165,2022-11-24,13.65,1.00050788
166,2022-11-23,13.65,1.00050788
167,2022-11-22,13.65,1.00050788
168,2022-11-21,13.65,1.00050788
169,2022-11-18,13.65,1.00050788
170,2022-11-17,13.65,1.00050788
171,2022-11-16,13.65,1.00050788
172,2022-11-14,13.65,1.00050788
173,2022-11-11,13.65,1.00050788
174,2022-11-10,13.65,1.00050788
175,2022-11-09,13.65,1.00050788
176,2022-11-08,13.65,1.00050788
177,2022-11-07,13.65,1.00050788
178,2022-11-04,13.65,1.00050788
179,2022-11-03,13.65,1.00050788
180,2022-11-01,13.65,1.00050788
181,2022-10-31,13.65,1.00050788
182,2022-10-28,13.65,1.00050788
183,2022-10-27,13.65,1.00050788
184,2022-10-26,13.65,1.00050788
185,2022-10-25,13.65,1.00050788
186,2022-10-24,13.65,1.00050788
187,2022-10-21,13.65,1.00050788
188,2022-10-20,13.65,1.00050788
189,2022-10-19,13.65,1.00050788
190,2022-10-18,13.65,1.00050788
191,2022-10-17,13.65,1.00050788
192,2022-10-14,13.65,1.00050788
193,2022-10-13,13.65,1.00050788
194,2022-10-11,13.65,1.00050788
195,2022-10-10,13.65,1.00050788
196,2022-10-07,13.65,1.00050788
197,2022-10-06,13.65,1.00050788
198,2022-10-05,13.65,1.00050788
199,2022-10-04,13.65,1.00050788
200,2022-10-03,13.65,1.00050788
201,2022-09-30,13.65,1.00050788
202,2022-09-29,13.65,1.00050788
203,2022-09-28,13.65,1.00050788
204,2022-09-27,13.65,1.00050788
205,2022-09-26,13.65,1.00050788
206,2022-09-23,13.65,1.00050788
207,2022-09-22,13.65,1.00050788
208,2022-09-21,13.65,1.00050788
209,2022-09-20,13.65,1.00050788
210,2022-09-19,13.65,1.00050788
211,2022-09-16,13.65,1.00050788
212,2022-09-15,13.65,1.00050788
213,2022-09-14,13.65,1.00050788
214,2022-09-13,13.65,1.00050788
215,2022-09-12,13.65,1.00050788
216,2022-09-09,13.65,1.00050788
217,2022-09-08,13.65,1.00050788
218,2022-09-06,13.65,1.00050788
219,2022-09-05,13.65,1.00050788
220,2022-09-02,13.65,1.00050788
221,2022-09-01,13.65,1.00050788
222,2022-08-31,13.65,1.00050788
223,2022-08-30,13.65,1.00050788
224,2022-08-29,13.65,1.00050788
225,2022-08-26,13.65,1.00050788
226,2022-08-25,13.65,1.00050788
227,2022-08-24,13.65,1.00050788
228,2022-08-23,13.65,1.00050788
229,2022-08-22,13.65,1.00050788
230,2022-08-19,13.65,1.00050788
231,2022-08-18,13.65,1.00050788
232,2022-08-17,13.65,1.00050788
233,2022-08-16,13.65,1.00050788
234,2022-08-15,13.65,1.00050788
235,2022-08-12,13.65,1.00050788
236,2022-08-11,13.65,1.00050788
237,2022-08-10,13.65,1.00050788
238,2022-08-09,13.65,1.00050788
239,2022-08-08,13.65,1.00050788
240,2022-08-05,13.65,1.00050788
241,2022-08-04,13.65,1.00050788
242,2022-08-03,13.15,1.00049037
243,2022-08-02,13.15,1.00049037
244,2022-08-01,13.15,1.00049037
245,2022-07-29,13.15,1.00049037
246,2022-07-28,13.15,1.00049037
247,2022-07-27,13.15,1.00049037
248,2022-07-26,13.15,1.00049037
249,2022-07-25,13.15,1.00049037
250,2022-07-22,13.15,1.00049037
251,2022-07-21,13.15,1.00049037
252,2022-07-20,13.15,1.00049037
253,2022-07-19,13.15,1.00049037
254,2022-07-18,13.15,1.00049037
255,2022-07-15,13.15,1.00049037
256,2022-07-14,13.15,1.00049037
257,2022-07-13,13.15,1.00049037
258,2022-07-12,13.15,1.00049037
259,2022-07-11,13.15,1.00049037
260,2022-07-08,13.15,1.00049037
261,2022-07-07,13.15,1.00049037
262,2022-07-06,13.15,1.00049037
263,2022-07-05,13.15,1.00049037
264,2022-07-04,13.15,1.00049037
265,2022-07-01,13.15,1.00049037
266,2022-06-30,13.15,1.00049037
267,2022-06-29,13.15,1.00049037
268,2022-06-28,13.15,1.00049037
269,2022-06-27,13.15,1.00049037
270,2022-06-24,13.15,1.00049037
271,2022-06-23,13.15,1.00049037
272,2022-06-22,13.15,1.00049037
273,2022-06-21,13.15,1.00049037
274,2022-06-20,13.15,1.00049037
275,2022-06-17,13.15,1.00049037
276,2022-06-15,12.65,1.00047279
277,2022-06-14,12.65,1.00047279
278,2022-06-13,12.65,1.00047279
279,2022-06-10,12.65,1.00047279
280,2022-06-09,12.65,1.00047279
281,2022-06-08,12.65,1.00047279
282,2022-06-07,12.65,1.00047279
283,2022-06-06,12.65,1.00047279
284,2022-06-03,12.65,1.00047279
285,2022-06-02,12.65,1.00047279
286,2022-06-01,12.65,1.00047279
287,2022-05-31,12.65,1.00047279
288,2022-05-30,12.65,1.00047279
289,2022-05-27,12.65,1.00047279
290,2022-05-26,12.65,1.00047279
291,2022-05-25,12.65,1.00047279
292,2022-05-24,12.65,1.00047279
293,2022-05-23,12.65,1.00047279
294,2022-05-20,12.65,1.00047279
295,2022-05-19,12.65,1.00047279
296,2022-05-18,12.65,1.00047279
297,2022-05-17,12.65,1.00047279
298,2022-05-16,12.65,1.00047279
299,2022-05-13,12.65,1.00047279
300,2022-05-12,12.65,1.00047279
301,2022-05-11,12.65,1.00047279
302,2022-05-10,12.65,1.00047279
303,2022-05-09,12.65,1.00047279
304,2022-05-06,12.65,1.00047279
305,2022-05-05,12.65,1.00047279
306,2022-05-04,11.65,1.00043739
307,2022-05-03,11.65,1.00043739
308,2022-05-02,11.65,1.00043739
309,2022-04-29,11.65,1.00043739
310,2022-04-28,11.65,1.00043739
311,2022-04-27,11.65,1.00043739
312,2022-04-26,11.65,1.00043739
313,2022-04-25,11.65,1.00043739
314,2022-04-22,11.65,1.00043739
315,2022-04-20,11.65,1.00043739
316,2022-04-19,11.65,1.00043739
317,2022-04-18,11.65,1.00043739
318,2022-04-14,11.65,1.00043739
319,2022-04-13,11.65,1.00043739
320,2022-04-12,11.65,1.00043739
321,2022-04-11,11.65,1.00043739
322,2022-04-08,11.65,1.00043739
323,2022-04-07,11.65,1.00043739
324,2022-04-06,11.65,1.00043739
325,2022-04-05,11.65,1.00043739
326,2022-04-04,11.65,1.00043739
327,2022-04-01,11.65,1.00043739
328,2022-03-31,11.65,1.00043739
329,2022-03-30,11.65,1.00043739
330,2022-03-29,11.65,1.00043739
331,2022-03-28,11.65,1.00043739
332,2022-03-25,11.65,1.00043739
333,2022-03-24,11.65,1.00043739
334,2022-03-23,11.65,1.00043739
335,2022-03-22,11.65,1.00043739
336,2022-03-21,11.65,1.00043739
337,2022-03-18,11.65,1.00043739
338,2022-03-17,11.65,1.00043739
339,2022-03-16,10.65,1.00040168
340,2022-03-15,10.65,1.00040168
341,2022-03-14,10.65,1.00040168
342,2022-03-11,10.65,1.00040168
343,2022-03-10,10.65,1.00040168
344,2022-03-09,10.65,1.00040168
345,2022-03-08,10.65,1.00040168
346,2022-03-07,10.65,1.00040168
347,2022-03-04,10.65,1.00040168
348,2022-03-03,10.65,1.00040168
349,2022-03-02,10.65,1.00040168
350,2022-02-25,10.65,1.00040168
351,2022-02-24,10.65,1.00040168
352,2022-02-23,10.65,1.00040168
353,2022-02-22,10.65,1.00040168
354,2022-02-21,10.65,1.00040168
355,2022-02-18,10.65,1.00040168
356,2022-02-17,10.65,1.00040168
357,2022-02-16,10.65,1.00040168
358,2022-02-15,10.65,1.00040168
359,2022-02-14,10.65,1.00040168
360,2022-02-11,10.65,1.00040168
361,2022-02-10,10.65,1.00040168
362,2022-02-09,10.65,1.00040168
363,2022-02-08,10.65,1.00040168
364,2022-02-07,10.65,1.00040168
365,2022-02-04,10.65,1.00040168
366,2022-02-03,10.65,1.00040168
367,2022-02-02,9.15,1.00034749
368,2022-02-01,9.15,1.00034749
369,2022-01-31,9.15,1.00034749
370,2022-01-28,9.15,1.00034749
371,2022-01-27,9.15,1.00034749
372,2022-01-26,9.15,1.00034749
373,2022-01-25,9.15,1.00034749
374,2022-01-24,9.15,1.00034749
375,2022-01-21,9.15,1.00034749
376,2022-01-20,9.15,1.00034749
377,2022-01-19,9.15,1.00034749
378,2022-01-18,9.15,1.00034749
379,2022-01-17,9.15,1.00034749
380,2022-01-14,9.15,1.00034749
381,2022-01-13,9.15,1.00034749
382,2022-01-12,9.15,1.00034749
383,2022-01-11,9.15,1.00034749
384,2022-01-10,9.15,1.00034749
385,2022-01-07,9.15,1.00034749
386,2022-01-06,9.15,1.00034749
387,2022-01-05,9.15,1.00034749
388,2022-01-04,9.15,1.00034749
389,2022-01-03,9.15,1.00034749
390,2021-12-31,9.15,1.00034749
391,2021-12-30,9.15,1.00034749
392,2021-12-29,9.15,1.00034749
393,2021-12-28,9.15,1.00034749
394,2021-12-27,9.15,1.00034749
395,2021-12-24,9.15,1.00034749
396,2021-12-23,9.15,1.00034749
397,2021-12-22,9.15,1.00034749
398,2021-12-21,9.15,1.00034749
399,2021-12-20,9.15,1.00034749
400,2021-12-17,9.15,1.00034749
401,2021-12-16,9.15,1.00034749
402,2021-12-15,9.15,1.00034749
403,2021-12-14,9.15,1.00034749
404,2021-12-13,9.15,1.00034749
405,2021-12-10,9.15,1.00034749
406,2021-12-09,9.15,1.00034749
407,2021-12-08,7.65,1.00029256
408,2021-12-07,7.65,1.00029256
409,2021-12-06,7.65,1.00029256
410,2021-12-03,7.65,1.00029256
411,2021-12-02,7.65,1.00029256
412,2021-12-01,7.65,1.00029256
413,2021-11-30,7.65,1.00029256
414,2021-11-29,7.65,1.00029256
415,2021-11-26,7.65,1.00029256
416,2021-11-25,7.65,1.00029256
417,2021-11-24,7.65,1.00029256
418,2021-11-23,7.65,1.00029256
419,2021-11-22,7.65,1.00029256
420,2021-11-19,7.65,1.00029256
421,2021-11-18,7.65,1.00029256
422,2021-11-17,7.65,1.00029256
423,2021-11-16,7.65,1.00029256
424,2021-11-12,7.65,1.00029256
425,2021-11-11,7.65,1.00029256
426,2021-11-10,7.65,1.00029256
427,2021-11-09,7.65,1.00029256
428,2021-11-08,7.65,1.00029256
429,2021-11-05,7.65,1.00029256
430,2021-11-04,7.65,1.00029256
431,2021-11-03,7.65,1.00029256
432,2021-11-01,7.65,1.00029256
433,2021-10-29,7.65,1.00029256
434,2021-10-28,7.65,1.00029256
435,2021-10-27,6.15,1.00023687
436,2021-10-26,6.15,1.00023687
437,2021-10-25,6.15,1.00023687
438,2021-10-22,6.15,1.00023687
439,2021-10-21,6.15,1.00023687
440,2021-10-20,6.15,1.00023687
441,2021-10-19,6.15,1.00023687
442,2021-10-18,6.15,1.00023687
443,2021-10-15,6.15,1.00023687
444,2021-10-14,6.15,1.00023687
445,2021-10-13,6.15,1.00023687
446,2021-10-11,6.15,1.00023687
447,2021-10-08,6.15,1.00023687
448,2021-10-07,6.15,1.00023687
449,2021-10-06,6.15,1.00023687
450,2021-10-05,6.15,1.00023687
451,2021-10-04,6.15,1.00023687
452,2021-10-01,6.15,1.00023687
453,2021-09-30,6.15,1.00023687
454,2021-09-29,6.15,1.00023687
455,2021-09-28,6.15,1.00023687
456,2021-09-27,6.15,1.00023687
457,2021-09-24,6.15,1.00023687
458,2021-09-23,6.15,1.00023687
459,2021-09-22,5.15,1.0001993
460,2021-09-21,5.15,1.0001993
461,2021-09-20,5.15,1.0001993
462,2021-09-17,5.15,1.0001993
463,2021-09-16,5.15,1.0001993
464,2021-09-15,5.15,1.0001993
465,2021-09-14,5.15,1.0001993
466,2021-09-13,5.15,1.0001993
467,2021-09-10,5.15,1.0001993
468,2021-09-09,5.15,1.0001993
469,2021-09-08,5.15,1.0001993
470,2021-09-06,5.15,1.0001993
471,2021-09-03,5.15,1.0001993
472,2021-09-02,5.15,1.0001993
473,2021-09-01,5.15,1.0001993
474,2021-08-31,5.15,1.0001993
475,2021-08-30,5.15,1.0001993
476,2021-08-27,5.15,1.0001993
477,2021-08-26,5.15,1.0001993
478,2021-08-25,5.15,1.0001993
479,2021-08-24,5.15,1.0001993
480,2021-08-23,5.15,1.0001993
481,2021-08-20,5.15,1.0001993
482,2021-08-19,5.15,1.0001993
483,2021-08-18,5.15,1.0001993
484,2021-08-17,5.15,1.0001993
485,2021-08-16,5.15,1.0001993
486,2021-08-13,5.15,1.0001993
487,2021-08-12,5.15,1.0001993
488,2021-08-11,5.15,1.0001993
489,2021-08-10,5.15,1.0001993
490,2021-08-09,5.15,1.0001993
491,2021-08-06,5.15,1.0001993
492,2021-08-05,5.15,1.0001993
493,2021-08-04,4.15,1.00016137
494,2021-08-03,4.15,1.00016137
495,2021-08-02,4.15,1.00016137
496,2021-07-30,4.15,1.00016137
497,2021-07-29,4.15,1.00016137
498,2021-07-28,4.15,1.00016137
499,2021-07-27,4.15,1.00016137
500,2021-07-26,4.15,1.00016137
501,2021-07-23,4.15,1.00016137
502,2021-07-22,4.15,1.00016137
503,2021-07-21,4.15,1.00016137
504,2021-07-20,4.15,1.00016137
505,2021-07-19,4.15,1.00016137
506,2021-07-16,4.15,1.00016137
507,2021-07-15,4.15,1.00016137
508,2021-07-14,4.15,1.00016137
509,2021-07-13,4.15,1.00016137
510,2021-07-12,4.15,1.00016137
511,2021-07-09,4.15,1.00016137
512,2021-07-08,4.15,1.00016137
513,2021-07-07,4.15,1.00016137
514,2021-07-06,4.15,1.00016137
515,2021-07-05,4.15,1.00016137
516,2021-07-02,4.15,1.00016137
517,2021-07-01,4.15,1.00016137
518,2021-06-30,4.15,1.00016137
519,2021-06-29,4.15,1.00016137
520,2021-06-28,4.15,1.00016137
521,2021-06-25,4.15,1.00016137
522,2021-06-24,4.15,1.00016137
523,2021-06-23,4.15,1.00016137
524,2021-06-22,4.15,1.00016137
525,2021-06-21,4.15,1.00016137
526,2021-06-18,4.15,1.00016137
527,2021-06-17,4.15,1.00016137
528,2021-06-16,3.4,1.00013269
529,2021-06-15,3.4,1.00013269
530,2021-06-14,3.4,1.00013269
531,2021-06-11,3.4,1.00013269
532,2021-06-10,3.4,1.00013269
533,2021-06-09,3.4,1.00013269
534,2021-06-08,3.4,1.00013269
535,2021-06-07,3.4,1.00013269
536,2021-06-04,3.4,1.00013269
537,2021-06-02,3.4,1.00013269
538,2021-06-01,3.4,1.00013269
539,2021-05-31,3.4,1.00013269
540,2021-05-28,3.4,1.00013269
541,2021-05-27,3.4,1.00013269
542,2021-05-26,3.4,1.00013269
543,2021-05-25,3.4,1.00013269
544,2021-05-24,3.4,1.00013269
545,2021-05-21,3.4,1.00013269
546,2021-05-20,3.4,1.00013269
547,2021-05-19,3.4,1.00013269
548,2021-05-18,3.4,1.00013269
549,2021-05-17,3.4,1.00013269
550,2021-05-14,3.4,1.00013269
551,2021-05-13,3.4,1.00013269
552,2021-05-12,3.4,1.00013269
553,2021-05-11,3.4,1.00013269
554,2021-05-10,3.4,1.00013269
555,2021-05-07,3.4,1.00013269
556,2021-05-06,3.4,1.00013269
557,2021-05-05,2.65,1.00010379
558,2021-05-04,2.65,1.00010379
559,2021-05-03,2.65,1.00010379
560,2021-04-30,2.65,1.00010379
561,2021-04-29,2.65,1.00010379
562,2021-04-28,2.65,1.00010379
563,2021-04-27,2.65,1.00010379
564,2021-04-26,2.65,1.00010379
565,2021-04-23,2.65,1.00010379
566,2021-04-22,2.65,1.00010379
567,2021-04-20,2.65,1.00010379
568,2021-04-19,2.65,1.00010379
569,2021-04-16,2.65,1.00010379
570,2021-04-15,2.65,1.00010379
571,2021-04-14,2.65,1.00010379
572,2021-04-13,2.65,1.00010379
573,2021-04-12,2.65,1.00010379
574,2021-04-09,2.65,1.00010379
575,2021-04-08,2.65,1.00010379
576,2021-04-07,2.65,1.00010379
577,2021-04-06,2.65,1.00010379
578,2021-04-05,2.65,1.00010379
579,2021-04-01,2.65,1.00010379
580,2021-03-31,2.65,1.00010379
581,2021-03-30,2.65,1.00010379
582,2021-03-29,2.65,1.00010379
583,2021-03-26,2.65,1.00010379
584,2021-03-25,2.65,1.00010379
585,2021-03-24,2.65,1.00010379
586,2021-03-23,2.65,1.00010379
587,2021-03-22,2.65,1.00010379
588,2021-03-19,2.65,1.00010379
589,2021-03-18,2.65,1.00010379
590,2021-03-17,1.9,1.00007469
591,2021-03-16,1.9,1.00007469
592,2021-03-15,1.9,1.00007469
593,2021-03-12,1.9,1.00007469
594,2021-03-11,1.9,1.00007469
595,2021-03-10,1.9,1.00007469
596,2021-03-09,1.9,1.00007469
597,2021-03-08,1.9,1.00007469
598,2021-03-05,1.9,1.00007469
599,2021-03-04,1.9,1.00007469
600,2021-03-03,1.9,1.00007469
601,2021-03-02,1.9,1.00007469
602,2021-03-01,1.9,1.00007469
603,2021-02-26,1.9,1.00007469
604,2021-02-25,1.9,1.00007469
605,2021-02-24,1.9,1.00007469
606,2021-02-23,1.9,1.00007469
607,2021-02-22,1.9,1.00007469
608,2021-02-19,1.9,1.00007469
609,2021-02-18,1.9,1.00007469
610,2021-02-17,1.9,1.00007469
611,2021-02-12,1.9,1.00007469
612,2021-02-11,1.9,1.00007469
613,2021-02-10,1.9,1.00007469
614,2021-02-09,1.9,1.00007469
615,2021-02-08,1.9,1.00007469
616,2021-02-05,1.9,1.00007469
617,2021-02-04,1.9,1.00007469
618,2021-02-03,1.9,1.00007469
619,2021-02-02,1.9,1.00007469
620,2021-02-01,1.9,1.00007469
621,2021-01-29,1.9,1.00007469
622,2021-01-28,1.9,1.00007469
623,2021-01-27,1.9,1.00007469
624,2021-01-26,1.9,1.00007469
625,2021-01-25,1.9,1.00007469
626,2021-01-22,1.9,1.00007469
627,2021-01-21,1.9,1.00007469
628,2021-01-20,1.9,1.00007469
629,2021-01-19,1.9,1.00007469
630,2021-01-18,1.9,1.00007469
631,2021-01-15,1.9,1.00007469
632,2021-01-14,1.9,1.00007469
633,2021-01-13,1.9,1.00007469
634,2021-01-12,1.9,1.00007469
635,2021-01-11,1.9,1.00007469
636,2021-01-08,1.9,1.00007469
637,2021-01-07,1.9,1.00007469
638,2021-01-06,1.9,1.00007469
639,2021-01-05,1.9,1.00007469
640,2021-01-04,1.9,1.00007469
641,2020-12-31,1.9,1.00007469
642,2020-12-30,1.9,1.00007469
643,2020-12-29,1.9,1.00007469
644,2020-12-28,1.9,1.00007469
645,2020-12-24,1.9,1.00007469
646,2020-12-23,1.9,1.00007469
647,2020-12-22,1.9,1.00007469
648,2020-12-21,1.9,1.00007469
649,2020-12-18,1.9,1.00007469
650,2020-12-17,1.9,1.00007469
651,2020-12-16,1.9,1.00007469
652,2020-12-15,1.9,1.00007469
653,2020-12-14,1.9,1.00007469
654,2020-12-11,1.9,1.00007469
655,2020-12-10,1.9,1.00007469
656,2020-12-09,1.9,1.00007469
657,2020-12-08,1.9,1.00007469
658,2020-12-07,1.9,1.00007469
659,2020-12-04,1.9,1.00007469
660,2020-12-03,1.9,1.00007469
661,2020-12-02,1.9,1.00007469
662,2020-12-01,1.9,1.00007469
663,2020-11-30,1.9,1.00007469
664,2020-11-27,1.9,1.00007469
665,2020-11-26,1.9,1.00007469
666,2020-11-25,1.9,1.00007469
667,2020-11-24,1.9,1.00007469
668,2020-11-23,1.9,1.00007469
669,2020-11-20,1.9,1.00007469
670,2020-11-19,1.9,1.00007469
671,2020-11-18,1.9,1.00007469
672,2020-11-17,1.9,1.00007469
673,2020-11-16,1.9,1.00007469
674,2020-11-13,1.9,1.00007469
675,2020-11-12,1.9,1.00007469
676,2020-11-11,1.9,1.00007469
677,2020-11-10,1.9,1.00007469
678,2020-11-09,1.9,1.00007469
679,2020-11-06,1.9,1.00007469
680,2020-11-05,1.9,1.00007469
681,2020-11-04,1.9,1.00007469
682,2020-11-03,1.9,1.00007469
683,2020-10-30,1.9,1.00007469
684,2020-10-29,1.9,1.00007469
685,2020-10-28,1.9,1.00007469
686,2020-10-27,1.9,1.00007469
687,2020-10-26,1.9,1.00007469
688,2020-10-23,1.9,1.00007469
689,2020-10-22,1.9,1.00007469
690,2020-10-21,1.9,1.00007469
691,2020-10-20,1.9,1.00007469
692,2020-10-19,1.9,1.00007469
693,2020-10-16,1.9,1.00007469
694,2020-10-15,1.9,1.00007469
695,2020-10-14,1.9,1.00007469
696,2020-10-13,1.9,1.00007469
697,2020-10-09,1.9,1.00007469
698,2020-10-08,1.9,1.00007469
699,2020-10-07,1.9,1.00007469
700,2020-10-06,1.9,1.00007469
701,2020-10-05,1.9,1.00007469
702,2020-10-02,1.9,1.00007469
703,2020-10-01,1.9,1.00007469
704,2020-09-30,1.9,1.00007469
705,2020-09-29,1.9,1.00007469
706,2020-09-28,1.9,1.00007469
707,2020-09-25,1.9,1.00007469
708,2020-09-24,1.9,1.00007469
709,2020-09-23,1.9,1.00007469
710,2020-09-22,1.9,1.00007469
711,2020-09-21,1.9,1.00007469
712,2020-09-18,1.9,1.00007469
713,2020-09-17,1.9,1.00007469
714,2020-09-16,1.9,1.00007469
715,2020-09-15,1.9,1.00007469
716,2020-09-14,1.9,1.00007469
717,2020-09-11,1.9,1.00007469
718,2020-09-10,1.9,1.00007469
719,2020-09-09,1.9,1.00007469
720,2020-09-08,1.9,1.00007469
721,2020-09-04,1.9,1.00007469
722,2020-09-03,1.9,1.00007469
723,2020-09-02,1.9,1.00007469
724,2020-09-01,1.9,1.00007469
725,2020-08-31,1.9,1.00007469
726,2020-08-28,1.9,1.00007469
727,2020-08-27,1.9,1.00007469
728,2020-08-26,1.9,1.00007469
729,2020-08-25,1.9,1.00007469
730,2020-08-24,1.9,1.00007469
731,2020-08-21,1.9,1.00007469
732,2020-08-20,1.9,1.00007469
733,2020-08-19,1.9,1.00007469
734,2020-08-18,1.9,1.00007469
735,2020-08-17,1.9,1.00007469
736,2020-08-14,1.9,1.00007469
737,2020-08-13,1.9,1.00007469
738,2020-08-12,1.9,1.00007469
739,2020-08-11,1.9,1.00007469
740,2020-08-10,1.9,1.00007469
741,2020-08-07,1.9,1.00007469
742,2020-08-06,1.9,1.00007469
743,2020-08-05,2.15,1.00008442
744,2020-08-04,2.15,1.00008442
745,2020-08-03,2.15,1.00008442
746,2020-07-31,2.15,1.00008442
747,2020-07-30,2.15,1.00008442
748,2020-07-29,2.15,1.00008442
749,2020-07-28,2.15,1.00008442
750,2020-07-27,2.15,1.00008442
751,2020-07-24,2.15,1.00008442
752,2020-07-23,2.15,1.00008442
753,2020-07-22,2.15,1.00008442
754,2020-07-21,2.15,1.00008442
755,2020-07-20,2.15,1.00008442
756,2020-07-17,2.15,1.00008442
757,2020-07-16,2.15,1.00008442
758,2020-07-15,2.15,1.00008442
759,2020-07-14,2.15,1.00008442
760,2020-07-13,2.15,1.00008442
761,2020-07-10,2.15,1.00008442
762,2020-07-09,2.15,1.00008442
763,2020-07-08,2.15,1.00008442
764,2020-07-07,2.15,1.00008442
765,2020-07-06,2.15,1.00008442
766,2020-07-03,2.15,1.00008442
767,2020-07-02,2.15,1.00008442
768,2020-07-01,2.15,1.00008442
769,2020-06-30,2.15,1.00008442
770,2020-06-29,2.15,1.00008442
771,2020-06-26,2.15,1.00008442
772,2020-06-25,2.15,1.00008442
773,2020-06-24,2.15,1.00008442
774,2020-06-23,2.15,1.00008442
775,2020-06-22,2.15,1.00008442
776,2020-06-19,2.15,1.00008442
777,2020-06-18,2.15,1.00008442
778,2020-06-17,2.9,1.00011345
779,2020-06-16,2.9,1.00011345
780,2020-06-15,2.9,1.00011345
781,2020-06-12,2.9,1.00011345
782,2020-06-10,2.9,1.00011345
783,2020-06-09,2.9,1.00011345
784,2020-06-08,2.9,1.00011345
785,2020-06-05,2.9,1.00011345
786,2020-06-04,2.9,1.00011345
787,2020-06-03,2.9,1.00011345
788,2020-06-02,2.9,1.00011345
789,2020-06-01,2.9,1.00011345
790,2020-05-29,2.9,1.00011345
791,2020-05-28,2.9,1.00011345
792,2020-05-27,2.9,1.00011345
793,2020-05-26,2.9,1.00011345
794,2020-05-25,2.9,1.00011345
795,2020-05-22,2.9,1.00011345
796,2020-05-21,2.9,1.00011345
797,2020-05-20,2.9,1.00011345
798,2020-05-19,2.9,1.00011345
799,2020-05-18,2.9,1.00011345
800,2020-05-15,2.9,1.00011345
801,2020-05-14,2.9,1.00011345
802,2020-05-13,2.9,1.00011345
803,2020-05-12,2.9,1.00011345
804,2020-05-11,2.9,1.00011345
805,2020-05-08,2.9,1.00011345
806,2020-05-07,2.9,1.00011345
807,2020-05-06,3.65,1.00014227
808,2020-05-05,3.65,1.00014227
809,2020-05-04,3.65,1.00014227
810,2020-04-30,3.65,1.00014227
811,2020-04-29,3.65,1.00014227
812,2020-04-28,3.65,1.00014227
813,2020-04-27,3.65,1.00014227
814,2020-04-24,3.65,1.00014227
815,2020-04-23,3.65,1.00014227
816,2020-04-22,3.65,1.00014227
817,2020-04-20,3.65,1.00014227
818,2020-04-17,3.65,1.00014227
819,2020-04-16,3.65,1.00014227
820,2020-04-15,3.65,1.00014227
821,2020-04-14,3.65,1.00014227
822,2020-04-13,3.65,1.00014227
823,2020-04-09,3.65,1.00014227
824,2020-04-08,3.65,1.00014227
825,2020-04-07,3.65,1.00014227
826,2020-04-06,3.65,1.00014227
827,2020-04-03,3.65,1.00014227
828,2020-04-02,3.65,1.00014227
829,2020-04-01,3.65,1.00014227
830,2020-03-31,3.65,1.00014227
831,2020-03-30,3.65,1.00014227
832,2020-03-27,3.65,1.00014227
833,2020-03-26,3.65,1.00014227
834,2020-03-25,3.65,1.00014227
835,2020-03-24,3.65,1.00014227
836,2020-03-23,3.65,1.00014227
837,2020-03-20,3.65,1.00014227
838,2020-03-19,3.65,1.00014227
839,2020-03-18,4.15,1.00016137
840,2020-03-17,4.15,1.00016137
841,2020-03-16,4.15,1.00016137
842,2020-03-13,4.15,1.00016137
843,2020-03-12,4.15,1.00016137
844,2020-03-11,4.15,1.00016137
845,2020-03-10,4.15,1.00016137
846,2020-03-09,4.15,1.00016137
847,2020-03-06,4.15,1.00016137
848,2020-03-05,4.15,1.00016137
849,2020-03-04,4.15,1.00016137
850,2020-03-03,4.15,1.00016137
851,2020-03-02,4.15,1.00016137
852,2020-02-28,4.15,1.00016137
853,2020-02-27,4.15,1.00016137
854,2020-02-26,4.15,1.00016137
855,2020-02-21,4.15,1.00016137
856,2020-02-20,4.15,1.00016137
857,2020-02-19,4.15,1.00016137
858,2020-02-18,4.15,1.00016137
859,2020-02-17,4.15,1.00016137
860,2020-02-14,4.15,1.00016137
861,2020-02-13,4.15,1.00016137
862,2020-02-12,4.15,1.00016137
863,2020-02-11,4.15,1.00016137
864,2020-02-10,4.15,1.00016137
865,2020-02-07,4.15,1.00016137
866,2020-02-06,4.15,1.00016137
867,2020-02-05,4.4,1.00017089
868,2020-02-04,4.4,1.00017089
869,2020-02-03,4.4,1.00017089
870,2020-01-31,4.4,1.00017089
871,2020-01-30,4.4,1.00017089
872,2020-01-29,4.4,1.00017089
873,2020-01-28,4.4,1.00017089
874,2020-01-27,4.4,1.00017089
875,2020-01-24,4.4,1.00017089
876,2020-01-23,4.4,1.00017089
877,2020-01-22,4.4,1.00017089
878,2020-01-21,4.4,1.00017089
879,2020-01-20,4.4,1.00017089
880,2020-01-17,4.4,1.00017089
881,2020-01-16,4.4,1.00017089
882,2020-01-15,4.4,1.00017089
883,2020-01-14,4.4,1.00017089
884,2020-01-13,4.4,1.00017089
885,2020-01-10,4.4,1.00017089
886,2020-01-09,4.4,1.00017089
887,2020-01-08,4.4,1.00017089
888,2020-01-07,4.4,1.00017089
889,2020-01-06,4.4,1.00017089
890,2020-01-03,4.4,1.00017089
891,2020-01-02,4.4,1.00017089
892,2019-12-31,4.4,1.00017089
893,2019-12-30,4.4,1.00017089
894,2019-12-27,4.4,1.00017089
895,2019-12-26,4.4,1.00017089
896,2019-12-24,4.4,1.00017089
897,2019-12-23,4.4,1.00017089
898,2019-12-20,4.4,1.00017089
899,2019-12-19,4.4,1.00017089
900,2019-12-18,4.4,1.00017089
901,2019-12-17,4.4,1.00017089
902,2019-12-16,4.4,1.00017089
903,2019-12-13,4.4,1.00017089
904,2019-12-12,4.4,1.00017089
905,2019-12-11,4.9,1.00018985
906,2019-12-10,4.9,1.00018985
907,2019-12-09,4.9,1.00018985
908,2019-12-06,4.9,1.00018985
909,2019-12-05,4.9,1.00018985
910,2019-12-04,4.9,1.00018985
911,2019-12-03,4.9,1.00018985
912,2019-12-02,4.9,1.00018985
913,2019-11-29,4.9,1.00018985
914,2019-11-28,4.9,1.00018985
915,2019-11-27,4.9,1.00018985
916,2019-11-26,4.9,1.00018985
917,2019-11-25,4.9,1.00018985
918,2019-11-22,4.9,1.00018985
919,2019-11-21,4.9,1.00018985
920,2019-11-20,4.9,1.00018985
921,2019-11-19,4.9,1.00018985
922,2019-11-18,4.9,1.00018985
923,2019-11-14,4.9,1.00018985
924,2019-11-13,4.9,1.00018985
925,2019-11-12,4.9,1.00018985
926,2019-11-11,4.9,1.00018985
927,2019-11-08,4.9,1.00018985
928,2019-11-07,4.9,1.00018985
929,2019-11-06,4.9,1.00018985
930,2019-11-05,4.9,1.00018985
931,2019-11-04,4.9,1.00018985
932,2019-11-01,4.9,1.00018985
933,2019-10-31,4.9,1.00018985
934,2019-10-30,5.4,1.00020872
935,2019-10-29,5.4,1.00020872
936,2019-10-28,5.4,1.00020872
937,2019-10-25,5.4,1.00020872
938,2019-10-24,5.4,1.00020872
939,2019-10-23,5.4,1.00020872
940,2019-10-22,5.4,1.00020872
941,2019-10-21,5.4,1.00020872
942,2019-10-18,5.4,1.00020872
943,2019-10-17,5.4,1.00020872
944,2019-10-16,5.4,1.00020872
945,2019-10-15,5.4,1.00020872
946,2019-10-14,5.4,1.00020872
947,2019-10-11,5.4,1.00020872
948,2019-10-10,5.4,1.00020872
949,2019-10-09,5.4,1.00020872
950,2019-10-08,5.4,1.00020872
951,2019-10-07,5.4,1.00020872
952,2019-10-04,5.4,1.00020872
953,2019-10-03,5.4,1.00020872
954,2019-10-02,5.4,1.00020872
955,2019-10-01,5.4,1.00020872
956,2019-09-30,5.4,1.00020872
957,2019-09-27,5.4,1.00020872
958,2019-09-26,5.4,1.00020872
959,2019-09-25,5.4,1.00020872
960,2019-09-24,5.4,1.00020872
961,2019-09-23,5.4,1.00020872
962,2019-09-20,5.4,1.00020872
963,2019-09-19,5.4,1.00020872
964,2019-09-18,5.9,1.00022751
965,2019-09-17,5.9,1.00022751
966,2019-09-16,5.9,1.00022751
967,2019-09-13,5.9,1.00022751
968,2019-09-12,5.9,1.00022751
969,2019-09-11,5.9,1.00022751
970,2019-09-10,5.9,1.00022751
971,2019-09-09,5.9,1.00022751
972,2019-09-06,5.9,1.00022751
973,2019-09-05,5.9,1.00022751
974,2019-09-04,5.9,1.00022751
975,2019-09-03,5.9,1.00022751
976,2019-09-02,5.9,1.00022751
977,2019-08-30,5.9,1.00022751
978,2019-08-29,5.9,1.00022751
979,2019-08-28,5.9,1.00022751
980,2019-08-27,5.9,1.00022751
981,2019-08-26,5.9,1.00022751
982,2019-08-23,5.9,1.00022751
983,2019-08-22,5.9,1.00022751
984,2019-08-21,5.9,1.00022751
985,2019-08-20,5.9,1.00022751
986,2019-08-19,5.9,1.00022751
987,2019-08-16,5.9,1.00022751
988,2019-08-15,5.9,1.00022751
989,2019-08-14,5.9,1.00022751
990,2019-08-13,5.9,1.00022751
991,2019-08-12,5.9,1.00022751
992,2019-08-09,5.9,1.00022751
993,2019-08-08,5.9,1.00022751
994,2019-08-07,5.9,1.00022751
995,2019-08-06,5.9,1.00022751
996,2019-08-05,5.9,1.00022751
997,2019-08-02,5.9,1.00022751
998,2019-08-01,5.9,1.00022751
999,2019-07-31,6.4,1.0002462
1000,2019-07-30,6.4,1.0002462
1001,2019-07-29,6.4,1.0002462
1002,2019-07-26,6.4,1.0002462
1003,2019-07-25,6.4,1.0002462
1004,2019-07-24,6.4,1.0002462
1005,2019-07-23,6.4,1.0002462
1006,2019-07-22,6.4,1.0002462
1007,2019-07-19,6.4,1.0002462
1008,2019-07-18,6.4,1.0002462
1009,2019-07-17,6.4,1.0002462
1010,2019-07-16,6.4,1.0002462
1011,2019-07-15,6.4,1.0002462
1012,2019-07-12,6.4,1.0002462
1013,2019-07-11,6.4,1.0002462
1014,2019-07-10,6.4,1.0002462
1015,2019-07-09,6.4,1.0002462
1016,2019-07-08,6.4,1.0002462
1017,2019-07-05,6.4,1.0002462
1018,2019-07-04,6.4,1.0002462
1019,2019-07-03,6.4,1.0002462
1020,2019-07-02,6.4,1.0002462
1021,2019-07-01,6.4,1.0002462
1022,2019-06-28,6.4,1.0002462
1023,2019-06-27,6.4,1.0002462
1024,2019-06-26,6.4,1.0002462
1025,2019-06-25,6.4,1.0002462
1026,2019-06-24,6.4,1.0002462
1027,2019-06-21,6.4,1.0002462
1028,2019-06-19,6.4,1.0002462
1029,2019-06-18,6.4,1.0002462
1030,2019-06-17,6.4,1.0002462
1031,2019-06-14,6.4,1.0002462
1032,2019-06-13,6.4,1.0002462
1033,2019-06-12,6.4,1.0002462
1034,2019-06-11,6.4,1.0002462
1035,2019-06-10,6.4,1.0002462
1036,2019-06-07,6.4,1.0002462
1037,2019-06-06,6.4,1.0002462
1038,2019-06-05,6.4,1.0002462
1039,2019-06-04,6.4,1.0002462
1040,2019-06-03,6.4,1.0002462
1041,2019-05-31,6.4,1.0002462
1042,2019-05-30,6.4,1.0002462
1043,2019-05-29,6.4,1.0002462
1044,2019-05-28,6.4,1.0002462
1045,2019-05-27,6.4,1.0002462
1046,2019-05-24,6.4,1.0002462
1047,2019-05-23,6.4,1.0002462
1048,2019-05-22,6.4,1.0002462
1049,2019-05-21,6.4,1.0002462
1050,2019-05-20,6.4,1.0002462
1051,2019-05-17,6.4,1.0002462
1052,2019-05-16,6.4,1.0002462
1053,2019-05-15,6.4,1.0002462
1054,2019-05-14,6.4,1.0002462
1055,2019-05-13,6.4,1.0002462
1056,2019-05-10,6.4,1.0002462
1057,2019-05-09,6.4,1.0002462
1058,2019-05-08,6.4,1.0002462
1059,2019-05-07,6.4,1.0002462
1060,2019-05-06,6.4,1.0002462
1061,2019-05-03,6.4,1.0002462
1062,2019-05-02,6.4,1.0002462
1063,2019-04-30,6.4,1.0002462
1064,2019-04-29,6.4,1.0002462
1065,2019-04-26,6.4,1.0002462
1066,2019-04-25,6.4,1.0002462
1067,2019-04-24,6.4,1.0002462
1068,2019-04-23,6.4,1.0002462
1069,2019-04-22,6.4,1.0002462
1070,2019-04-18,6.4,1.0002462
1071,2019-04-17,6.4,1.0002462
1072,2019-04-16,6.4,1.0002462
1073,2019-04-15,6.4,1.0002462
1074,2019-04-12,6.4,1.0002462
1075,2019-04-11,6.4,1.0002462
1076,2019-04-10,6.4,1.0002462
1077,2019-04-09,6.4,1.0002462
1078,2019-04-08,6.4,1.0002462
1079,2019-04-05,6.4,1.0002462
1080,2019-04-04,6.4,1.0002462
1081,2019-04-03,6.4,1.0002462
1082,2019-04-02,6.4,1.0002462
1083,2019-04-01,6.4,1.0002462
1084,2019-03-29,6.4,1.0002462
1085,2019-03-28,6.4,1.0002462
1086,2019-03-27,6.4,1.0002462
1087,2019-03-26,6.4,1.0002462
1088,2019-03-25,6.4,1.0002462
1089,2019-03-22,6.4,1.0002462
1090,2019-03-21,6.4,1.0002462
1091,2019-03-20,6.4,1.0002462
1092,2019-03-19,6.4,1.0002462
1093,2019-03-18,6.4,1.0002462
1094,2019-03-15,6.4,1.0002462
1095,2019-03-14,6.4,1.0002462
1096,2019-03-13,6.4,1.0002462
1097,2019-03-12,6.4,1.0002462
1098,2019-03-11,6.4,1.0002462
1099,2019-03-08,6.4,1.0002462
1100,2019-03-07,6.4,1.0002462
1101,2019-03-06,6.4,1.0002462
1102,2019-03-01,6.4,1.0002462
1103,2019-02-28,6.4,1.0002462
1104,2019-02-27,6.4,1.0002462
1105,2019-02-26,6.4,1.0002462
1106,2019-02-25,6.4,1.0002462
1107,2019-02-22,6.4,1.0002462
1108,2019-02-21,6.4,1.0002462
1109,2019-02-20,6.4,1.0002462
1110,2019-02-19,6.4,1.0002462
1111,2019-02-18,6.4,1.0002462
1112,2019-02-15,6.4,1.0002462
1113,2019-02-14,6.4,1.0002462
1114,2019-02-13,6.4,1.0002462
1115,2019-02-12,6.4,1.0002462
1116,2019-02-11,6.4,1.0002462
1117,2019-02-08,6.4,1.0002462
1118,2019-02-07,6.4,1.0002462
1119,2019-02-06,6.4,1.0002462
1120,2019-02-05,6.4,1.0002462
1121,2019-02-04,6.4,1.0002462
1122,2019-02-01,6.4,1.0002462
1123,2019-01-31,6.4,1.0002462
1124,2019-01-30,6.4,1.0002462
1125,2019-01-29,6.4,1.0002462
1126,2019-01-28,6.4,1.0002462
1127,2019-01-25,6.4,1.0002462
1128,2019-01-24,6.4,1.0002462
1129,2019-01-23,6.4,1.0002462
1130,2019-01-22,6.4,1.0002462
1131,2019-01-21,6.4,1.0002462
1132,2019-01-18,6.4,1.0002462
1133,2019-01-17,6.4,1.0002462
1134,2019-01-16,6.4,1.0002462
1135,2019-01-15,6.4,1.0002462
1136,2019-01-14,6.4,1.0002462
1137,2019-01-11,6.4,1.0002462
1138,2019-01-10,6.4,1.0002462
1139,2019-01-09,6.4,1.0002462
1140,2019-01-08,6.4,1.0002462
1141,2019-01-07,6.4,1.0002462
1142,2019-01-04,6.4,1.0002462
1143,2019-01-03,6.4,1.0002462
1144,2019-01-02,6.4,1.0002462
1145,2018-12-31,6.4,1.0002462
1146,2018-12-28,6.4,1.0002462
1147,2018-12-27,6.4,1.0002462
1148,2018-12-26,6.4,1.0002462
1149,2018-12-24,6.4,1.0002462
1150,2018-12-21,6.4,1.0002462
1151,2018-12-20,6.4,1.0002462
1152,2018-12-19,6.4,1.0002462
1153,2018-12-18,6.4,1.0002462
1154,2018-12-17,6.4,1.0002462
1155,2018-12-14,6.4,1.0002462
1156,2018-12-13,6.4,1.0002462
1157,2018-12-12,6.4,1.0002462
1158,2018-12-11,6.4,1.0002462
1159,2018-12-10,6.4,1.0002462
1160,2018-12-07,6.4,1.0002462
1161,2018-12-06,6.4,1.0002462
1162,2018-12-05,6.4,1.0002462
1163,2018-12-04,6.4,1.0002462
1164,2018-12-03,6.4,1.0002462
1165,2018-11-30,6.4,1.0002462
1166,2018-11-29,6.4,1.0002462
1167,2018-11-28,6.4,1.0002462
1168,2018-11-27,6.4,1.0002462
1169,2018-11-26,6.4,1.0002462
1170,2018-11-23,6.4,1.0002462
1171,2018-11-22,6.4,1.0002462
1172,2018-11-21,6.4,1.0002462
1173,2018-11-20,6.4,1.0002462
1174,2018-11-19,6.4,1.0002462
1175,2018-11-16,6.4,1.0002462
1176,2018-11-14,6.4,1.0002462
1177,2018-11-13,6.4,1.0002462
1178,2018-11-12,6.4,1.0002462
1179,2018-11-09,6.4,1.0002462
1180,2018-11-08,6.4,1.0002462
1181,2018-11-07,6.4,1.0002462
1182,2018-11-06,6.4,1.0002462
1183,2018-11-05,6.4,1.0002462
1184,2018-11-01,6.4,1.0002462
1185,2018-10-31,6.4,1.0002462
1186,2018-10-30,6.4,1.0002462
1187,2018-10-29,6.4,1.0002462
1188,2018-10-26,6.4,1.0002462
1189,2018-10-25,6.4,1.0002462
1190,2018-10-24,6.4,1.0002462
1191,2018-10-23,6.4,1.0002462
1192,2018-10-22,6.4,1.0002462
1193,2018-10-19,6.4,1.0002462
1194,2018-10-18,6.4,1.0002462
1195,2018-10-17,6.4,1.0002462
1196,2018-10-16,6.4,1.0002462
1197,2018-10-15,6.4,1.0002462
1198,2018-10-11,6.4,1.0002462
1199,2018-10-10,6.4,1.0002462
1200,2018-10-09,6.4,1.0002462
1201,2018-10-08,6.4,1.0002462
1202,2018-10-05,6.4,1.0002462
1203,2018-10-04,6.4,1.0002462
1204,2018-10-03,6.4,1.0002462
1205,2018-10-02,6.4,1.0002462
1206,2018-10-01,6.4,1.0002462
1207,2018-09-28,6.4,1.0002462
1208,2018-09-27,6.4,1.0002462
1209,2018-09-26,6.4,1.0002462
1210,2018-09-25,6.4,1.0002462
1211,2018-09-24,6.4,1.0002462
1212,2018-09-21,6.4,1.0002462
1213,2018-09-20,6.4,1.0002462
1214,2018-09-19,6.4,1.0002462
1215,2018-09-18,6.4,1.0002462
1216,2018-09-17,6.4,1.0002462
1217,2018-09-14,6.4,1.0002462
1218,2018-09-13,6.4,1.0002462
1219,2018-09-12,6.4,1.0002462
1220,2018-09-11,6.4,1.0002462
1221,2018-09-10,6.4,1.0002462
1222,2018-09-06,6.4,1.0002462
1223,2018-09-05,6.4,1.0002462
1224,2018-09-04,6.4,1.0002462
1225,2018-09-03,6.4,1.0002462
1226,2018-08-31,6.4,1.0002462
1227,2018-08-30,6.4,1.0002462
1228,2018-08-29,6.4,1.0002462
1229,2018-08-28,6.4,1.0002462
1230,2018-08-27,6.4,1.0002462
1231,2018-08-24,6.4,1.0002462
1232,2018-08-23,6.4,1.0002462
1233,2018-08-22,6.4,1.0002462
1234,2018-08-21,6.4,1.0002462
1235,2018-08-20,6.4,1.0002462
1236,2018-08-17,6.4,1.0002462
1237,2018-08-16,6.4,1.0002462
1238,2018-08-15,6.4,1.0002462
1239,2018-08-14,6.4,1.0002462
1240,2018-08-13,6.4,1.0002462
1241,2018-08-10,6.4,1.0002462
1242,2018-08-09,6.4,1.0002462
1243,2018-08-08,6.4,1.0002462
1244,2018-08-07,6.4,1.0002462
1245,2018-08-06,6.4,1.0002462
1246,2018-08-03,6.4,1.0002462
1247,2018-08-02,6.4,1.0002462
1248,2018-08-01,6.4,1.0002462
1249,2018-07-31,6.4,1.0002462
1250,2018-07-30,6.4,1.0002462
1251,2018-07-27,6.4,1.0002462
1252,2018-07-26,6.4,1.0002462
1253,2018-07-25,6.4,1.0002462
1254,2018-07-24,6.4,1.0002462
1255,2018-07-23,6.4,1.0002462
1256,2018-07-20,6.4,1.0002462
1257,2018-07-19,6.4,1.0002462
1258,2018-07-18,6.4,1.0002462
1259,2018-07-17,6.4,1.0002462
1260,2018-07-16,6.4,1.0002462
1261,2018-07-13,6.4,1.0002462
1262,2018-07-12,6.4,1.0002462
1263,2018-07-11,6.4,1.0002462
1264,2018-07-10,6.4,1.0002462
1265,2018-07-09,6.4,1.0002462
1266,2018-07-06,6.4,1.0002462
1267,2018-07-05,6.4,1.0002462
1268,2018-07-04,6.4,1.0002462
1269,2018-07-03,6.4,1.0002462
1270,2018-07-02,6.4,1.0002462
1271,2018-06-29,6.4,1.0002462
1272,2018-06-28,6.4,1.0002462
1273,2018-06-27,6.4,1.0002462
1274,2018-06-26,6.4,1.0002462
1275,2018-06-25,6.4,1.0002462
1276,2018-06-22,6.4,1.0002462
1277,2018-06-21,6.4,1.0002462
1278,2018-06-20,6.4,1.0002462
1279,2018-06-19,6.4,1.0002462
1280,2018-06-18,6.4,1.0002462
1281,2018-06-15,6.4,1.0002462
1282,2018-06-14,6.4,1.0002462
1283,2018-06-13,6.4,1.0002462
1284,2018-06-12,6.4,1.0002462
1285,2018-06-11,6.4,1.0002462
1286,2018-06-08,6.4,1.0002462
1287,2018-06-07,6.4,1.0002462
1288,2018-06-06,6.4,1.0002462
1289,2018-06-05,6.4,1.0002462
1290,2018-06-04,6.4,1.0002462
1291,2018-06-01,6.4,1.0002462
1292,2018-05-30,6.4,1.0002462
1293,2018-05-29,6.4,1.0002462
1294,2018-05-28,6.4,1.0002462
1295,2018-05-25,6.4,1.0002462
1296,2018-05-24,6.4,1.0002462
1297,2018-05-23,6.4,1.0002462
1298,2018-05-22,6.4,1.0002462
1299,2018-05-21,6.4,1.0002462
1300,2018-05-18,6.4,1.0002462
1301,2018-05-17,6.4,1.0002462
1302,2018-05-16,6.4,1.0002462
1303,2018-05-15,6.4,1.0002462
1304,2018-05-14,6.4,1.0002462
1305,2018-05-11,6.4,1.0002462
1306,2018-05-10,6.4,1.0002462
1307,2018-05-09,6.4,1.0002462
1308,2018-05-08,6.4,1.0002462
1309,2018-05-07,6.4,1.0002462
1310,2018-05-04,6.4,1.0002462
1311,2018-05-03,6.4,1.0002462
1312,2018-05-02,6.4,1.0002462
1313,2018-04-30,6.4,1.0002462
1314,2018-04-27,6.4,1.0002462
1315,2018-04-26,6.4,1.0002462
1316,2018-04-25,6.4,1.0002462
1317,2018-04-24,6.4,1.0002462
1318,2018-04-23,6.4,1.0002462
1319,2018-04-20,6.4,1.0002462
1320,2018-04-19,6.4,1.0002462
1321,2018-04-18,6.4,1.0002462
1322,2018-04-17,6.4,1.0002462
1323,2018-04-16,6.4,1.0002462
1324,2018-04-13,6.4,1.0002462
1325,2018-04-12,6.4,1.0002462
1326,2018-04-11,6.4,1.0002462
1327,2018-04-10,6.4,1.0002462
1328,2018-04-09,6.4,1.0002462
1329,2018-04-06,6.4,1.0002462
1330,2018-04-05,6.4,1.0002462
1331,2018-04-04,6.4,1.0002462
1332,2018-04-03,6.4,1.0002462
1333,2018-04-02,6.4,1.0002462
1334,2018-03-29,6.4,1.0002462
1335,2018-03-28,6.4,1.0002462
1336,2018-03-27,6.4,1.0002462
1337,2018-03-26,6.4,1.0002462
1338,2018-03-23,6.4,1.0002462
1339,2018-03-22,6.4,1.0002462
1340,2018-03-21,6.65,1.00025552
1341,2018-03-20,6.65,1.00025552
1342,2018-03-19,6.65,1.00025552
1343,2018-03-16,6.65,1.00025552
1344,2018-03-15,6.65,1.00025552
1345,2018-03-14,6.65,1.00025552
1346,2018-03-13,6.65,1.00025552
1347,2018-03-12,6.65,1.00025552
1348,2018-03-09,6.65,1.00025552
1349,2018-03-08,6.65,1.00025552
1350,2018-03-07,6.65,1.00025552
1351,2018-03-06,6.65,1.00025552
1352,2018-03-05,6.65,1.00025552
1353,2018-03-02,6.65,1.00025552
1354,2018-03-01,6.65,1.00025552
1355,2018-02-28,6.65,1.00025552
1356,2018-02-27,6.65,1.00025552
1357,2018-02-26,6.65,1.00025552
1358,2018-02-23,6.65,1.00025552
1359,2018-02-22,6.65,1.00025552
1360,2018-02-21,6.65,1.00025552
1361,2018-02-20,6.65,1.00025552
1362,2018-02-19,6.65,1.00025552
1363,2018-02-16,6.65,1.00025552
1364,2018-02-15,6.65,1.00025552
1365,2018-02-14,6.65,1.00025552
1366,2018-02-09,6.65,1.00025552
1367,2018-02-08,6.65,1.00025552
1368,2018-02-07,6.9,1.00026481
1369,2018-02-06,6.9,1.00026481
1370,2018-02-05,6.9,1.00026481
1371,2018-02-02,6.9,1.00026481
1372,2018-02-01,6.9,1.00026481
1373,2018-01-31,6.9,1.00026481
1374,2018-01-30,6.9,1.00026481
1375,2018-01-29,6.9,1.00026481
1376,2018-01-26,6.9,1.00026481
1377,2018-01-25,6.9,1.00026481
1378,2018-01-24,6.9,1.00026481
1379,2018-01-23,6.9,1.00026481
1380,2018-01-22,6.9,1.00026481
1381,2018-01-19,6.9,1.00026481
1382,2018-01-18,6.9,1.00026481
1383,2018-01-17,6.9,1.00026481
1384,2018-01-16,6.9,1.00026481
1385,2018-01-15,6.9,1.00026481
1386,2018-01-12,6.9,1.00026481
1387,2018-01-11,6.9,1.00026481
1388,2018-01-10,6.9,1.00026481
1389,2018-01-09,6.9,1.00026481
1390,2018-01-08,6.9,1.00026481
1391,2018-01-05,6.9,1.00026481
1392,2018-01-04,6.9,1.00026481
1393,2018-01-03,6.9,1.00026481
1394,2018-01-02,6.9,1.00026481
1395,2017-12-29,6.9,1.00026481
1396,2017-12-28,6.9,1.00026481
1397,2017-12-27,6.9,1.00026481
1398,2017-12-26,6.9,1.00026481
1399,2017-12-22,6.9,1.00026481
1400,2017-12-21,6.9,1.00026481
1401,2017-12-20,6.9,1.00026481
1402,2017-12-19,6.9,1.00026481
1403,2017-12-18,6.9,1.00026481
1404,2017-12-15,6.9,1.00026481
1405,2017-12-14,6.9,1.00026481
1406,2017-12-13,6.9,1.00026481
1407,2017-12-12,6.9,1.00026481
1408,2017-12-11,6.9,1.00026481
1409,2017-12-08,6.9,1.00026481
1410,2017-12-07,6.9,1.00026481
1411,2017-12-06,7.4,1.00028333
1412,2017-12-05,7.4,1.00028333
1413,2017-12-04,7.4,1.00028333
1414,2017-12-01,7.4,1.00028333
1415,2017-11-30,7.4,1.00028333
1416,2017-11-29,7.4,1.00028333
1417,2017-11-28,7.4,1.00028333
1418,2017-11-27,7.4,1.00028333
1419,2017-11-24,7.4,1.00028333
1420,2017-11-23,7.4,1.00028333
1421,2017-11-22,7.4,1.00028333
1422,2017-11-21,7.4,1.00028333
1423,2017-11-20,7.4,1.00028333
1424,2017-11-17,7.4,1.00028333
1425,2017-11-16,7.4,1.00028333
1426,2017-11-14,7.4,1.00028333
1427,2017-11-13,7.4,1.00028333
1428,2017-11-10,7.4,1.00028333
1429,2017-11-09,7.4,1.00028333
1430,2017-11-08,7.4,1.00028333
1431,2017-11-07,7.4,1.00028333
1432,2017-11-06,7.4,1.00028333
1433,2017-11-03,7.4,1.00028333
1434,2017-11-01,7.4,1.00028333
1435,2017-10-31,7.4,1.00028333
1436,2017-10-30,7.4,1.00028333
1437,2017-10-27,7.4,1.00028333
1438,2017-10-26,7.4,1.00028333
1439,2017-10-25,8.15,1.00031096
1440,2017-10-24,8.15,1.00031096
1441,2017-10-23,8.15,1.00031096
1442,2017-10-20,8.15,1.00031096
1443,2017-10-19,8.15,1.00031096
1444,2017-10-18,8.15,1.00031096
1445,2017-10-17,8.15,1.00031096
1446,2017-10-16,8.15,1.00031096
1447,2017-10-13,8.15,1.00031096
1448,2017-10-11,8.15,1.00031096
1449,2017-10-10,8.15,1.00031096
1450,2017-10-09,8.15,1.00031096
1451,2017-10-06,8.15,1.00031096
1452,2017-10-05,8.15,1.00031096
1453,2017-10-04,8.15,1.00031096
1454,2017-10-03,8.15,1.00031096
1455,2017-10-02,8.15,1.00031096
1456,2017-09-29,8.15,1.00031096
1457,2017-09-28,8.15,1.00031096
1458,2017-09-27,8.15,1.00031096
1459,2017-09-26,8.15,1.00031096
1460,2017-09-25,8.15,1.00031096
1461,2017-09-22,8.15,1.00031096
1462,2017-09-21,8.15,1.00031096
1463,2017-09-20,8.15,1.00031096
1464,2017-09-19,8.15,1.00031096
1465,2017-09-18,8.15,1.00031096
1466,2017-09-15,8.15,1.00031096
1467,2017-09-14,8.15,1.00031096
1468,2017-09-13,8.15,1.00031096
1469,2017-09-12,8.15,1.00031096
1470,2017-09-11,8.15,1.00031096
1471,2017-09-08,8.15,1.00031096
1472,2017-09-06,9.15,1.00034749
1473,2017-09-05,9.15,1.00034749
1474,2017-09-04,9.15,1.00034749
1475,2017-09-01,9.15,1.00034749
1476,2017-08-31,9.15,1.00034749
1477,2017-08-30,9.15,1.00034749
1478,2017-08-29,9.15,1.00034749
1479,2017-08-28,9.15,1.00034749
1480,2017-08-25,9.15,1.00034749
1481,2017-08-24,9.15,1.00034749
1482,2017-08-23,9.15,1.00034749
1483,2017-08-22,9.15,1.00034749
1484,2017-08-21,9.15,1.00034749
1485,2017-08-18,9.15,1.00034749
1486,2017-08-17,9.15,1.00034749
1487,2017-08-16,9.15,1.00034749
1488,2017-08-15,9.15,1.00034749
1489,2017-08-14,9.15,1.00034749
1490,2017-08-11,9.15,1.00034749
1491,2017-08-10,9.15,1.00034749
1492,2017-08-09,9.15,1.00034749
1493,2017-08-08,9.15,1.00034749
1494,2017-08-07,9.15,1.00034749
1495,2017-08-04,9.15,1.00034749
1496,2017-08-03,9.15,1.00034749
1497,2017-08-02,9.15,1.00034749
1498,2017-08-01,9.15,1.00034749
1499,2017-07-31,9.15,1.00034749
1500,2017-07-28,9.15,1.00034749
1501,2017-07-27,9.15,1.00034749
1502,2017-07-26,10.15,1.0003837
1503,2017-07-25,10.15,1.0003837
1504,2017-07-24,10.15,1.0003837
1505,2017-07-21,10.15,1.0003837
1506,2017-07-20,10.15,1.0003837
1507,2017-07-19,10.15,1.0003837
1508,2017-07-18,10.15,1.0003837
1509,2017-07-17,10.15,1.0003837
1510,2017-07-14,10.15,1.0003837
1511,2017-07-13,10.15,1.0003837
1512,2017-07-12,10.15,1.0003837
1513,2017-07-11,10.15,1.0003837
1514,2017-07-10,10.15,1.0003837
1515,2017-07-07,10.15,1.0003837
1516,2017-07-06,10.15,1.0003837
1517,2017-07-05,10.15,1.0003837
1518,2017-07-04,10.15,1.0003837
1519,2017-07-03,10.15,1.0003837
1520,2017-06-30,10.15,1.0003837
1521,2017-06-29,10.15,1.0003837
1522,2017-06-28,10.15,1.0003837
1523,2017-06-27,10.15,1.0003837
1524,2017-06-26,10.15,1.0003837
1525,2017-06-23,10.15,1.0003837
1526,2017-06-22,10.15,1.0003837
1527,2017-06-21,10.15,1.0003837
1528,2017-06-20,10.15,1.0003837
1529,2017-06-19,10.15,1.0003837
1530,2017-06-16,10.15,1.0003837
1531,2017-06-14,10.15,1.0003837
1532,2017-06-13,10.15,1.0003837
1533,2017-06-12,10.15,1.0003837
1534,2017-06-09,10.15,1.0003837
1535,2017-06-08,10.15,1.0003837
1536,2017-06-07,10.15,1.0003837
1537,2017-06-06,10.15,1.0003837
1538,2017-06-05,10.15,1.0003837
1539,2017-06-02,10.15,1.0003837
1540,2017-06-01,10.15,1.0003837
1541,2017-05-31,11.15,1.00041957
1542,2017-05-30,11.15,1.00041957
1543,2017-05-29,11.15,1.00041957
1544,2017-05-26,11.15,1.00041957
1545,2017-05-25,11.15,1.00041957
1546,2017-05-24,11.15,1.00041957
1547,2017-05-23,11.15,1.00041957
1548,2017-05-22,11.15,1.00041957
1549,2017-05-19,11.15,1.00041957
1550,2017-05-18,11.15,1.00041957
1551,2017-05-17,11.15,1.00041957
1552,2017-05-16,11.15,1.00041957
1553,2017-05-15,11.15,1.00041957
1554,2017-05-12,11.15,1.00041957
1555,2017-05-11,11.15,1.00041957
1556,2017-05-10,11.15,1.00041957
1557,2017-05-09,11.15,1.00041957
1558,2017-05-08,11.15,1.00041957
1559,2017-05-05,11.15,1.00041957
1560,2017-05-04,11.15,1.00041957
1561,2017-05-03,11.15,1.00041957
1562,2017-05-02,11.15,1.00041957
1563,2017-04-28,11.15,1.00041957
1564,2017-04-27,11.15,1.00041957
1565,2017-04-26,11.15,1.00041957
1566,2017-04-25,11.15,1.00041957
1567,2017-04-24,11.15,1.00041957
1568,2017-04-20,11.15,1.00041957
1569,2017-04-19,11.15,1.00041957
1570,2017-04-18,11.15,1.00041957
1571,2017-04-17,11.15,1.00041957
1572,2017-04-13,11.15,1.00041957
1573,2017-04-12,12.15,1.00045513
1574,2017-04-11,12.15,1.00045513
1575,2017-04-10,12.15,1.00045513
1576,2017-04-07,12.15,1.00045513
1577,2017-04-06,12.15,1.00045513
1578,2017-04-05,12.15,1.00045513
1579,2017-04-04,12.15,1.00045513
1580,2017-04-03,12.15,1.00045513
1581,2017-03-31,12.15,1.00045513
1582,2017-03-30,12.15,1.00045513
1583,2017-03-29,12.15,1.00045513
1584,2017-03-28,12.15,1.00045513
1585,2017-03-27,12.15,1.00045513
1586,2017-03-24,12.15,1.00045513
1587,2017-03-23,12.15,1.00045513
1588,2017-03-22,12.15,1.00045513
1589,2017-03-21,12.15,1.00045513
1590,2017-03-20,12.15,1.00045513
1591,2017-03-17,12.15,1.00045513
1592,2017-03-16,12.15,1.00045513
1593,2017-03-15,12.15,1.00045513
1594,2017-03-14,12.15,1.00045513
1595,2017-03-13,12.15,1.00045513
1596,2017-03-10,12.15,1.00045513
1597,2017-03-09,12.15,1.00045513
1598,2017-03-08,12.15,1.00045513
1599,2017-03-07,12.15,1.00045513
1600,2017-03-06,12.15,1.00045513
1601,2017-03-03,12.15,1.00045513
1602,2017-03-02,12.15,1.00045513
1603,2017-03-01,12.15,1.00045513
1604,2017-02-24,12.15,1.00045513
1605,2017-02-23,12.15,1.00045513
1606,2017-02-22,12.9,1.00048159
1607,2017-02-21,12.9,1.00048159
1608,2017-02-20,12.9,1.00048159
1609,2017-02-17,12.9,1.00048159
1610,2017-02-16,12.9,1.00048159
1611,2017-02-15,12.9,1.00048159
1612,2017-02-14,12.9,1.00048159
1613,2017-02-13,12.9,1.00048159
1614,2017-02-10,12.9,1.00048159
1615,2017-02-09,12.9,1.00048159
1616,2017-02-08,12.9,1.00048159
1617,2017-02-07,12.9,1.00048159
1618,2017-02-06,12.9,1.00048159
1619,2017-02-03,12.9,1.00048159
1620,2017-02-02,12.9,1.00048159
1621,2017-02-01,12.9,1.00048159
1622,2017-01-31,12.9,1.00048159
1623,2017-01-30,12.9,1.00048159
1624,2017-01-27,12.9,1.00048159
1625,2017-01-26,12.9,1.00048159
1626,2017-01-25,12.9,1.00048159
1627,2017-01-24,12.9,1.00048159
1628,2017-01-23,12.9,1.00048159
1629,2017-01-20,12.9,1.00048159
1630,2017-01-19,12.9,1.00048159
1631,2017-01-18,12.9,1.00048159
1632,2017-01-17,12.9,1.00048159
1633,2017-01-16,12.9,1.00048159
1634,2017-01-13,12.9,1.00048159
1635,2017-01-12,12.9,1.00048159
1636,2017-01-11,13.65,1.00050788
1637,2017-01-10,13.65,1.00050788
1638,2017-01-09,13.65,1.00050788
1639,2017-01-06,13.65,1.00050788
1640,2017-01-05,13.65,1.00050788
1641,2017-01-04,13.65,1.00050788
1642,2017-01-03,13.65,1.00050788
1643,2017-01-02,13.65,1.00050788
1644,2016-12-30,13.65,1.00050788
1645,2016-12-29,13.65,1.00050788
1646,2016-12-28,13.65,1.00050788
1647,2016-12-27,13.65,1.00050788
1648,2016-12-26,13.65,1.00050788
1649,2016-12-23,13.65,1.00050788
1650,2016-12-22,13.65,1.00050788
1651,2016-12-21,13.65,1.00050788
1652,2016-12-20,13.65,1.00050788
1653,2016-12-19,13.65,1.00050788
1654,2016-12-16,13.65,1.00050788
1655,2016-12-15,13.65,1.00050788
1656,2016-12-14,13.65,1.00050788
1657,2016-12-13,13.65,1.00050788
1658,2016-12-12,13.65,1.00050788
1659,2016-12-09,13.65,1.00050788
1660,2016-12-08,13.65,1.00050788
1661,2016-12-07,13.65,1.00050788
1662,2016-12-06,13.65,1.00050788
1663,2016-12-05,13.65,1.00050788
1664,2016-12-02,13.65,1.00050788
1665,2016-12-01,13.65,1.00050788
1666,2016-11-30,13.9,1.0005166
1667,2016-11-29,13.9,1.0005166
1668,2016-11-28,13.9,1.0005166
1669,2016-11-25,13.9,1.0005166
1670,2016-11-24,13.9,1.0005166
1671,2016-11-23,13.9,1.0005166
1672,2016-11-22,13.9,1.0005166
1673,2016-11-21,13.9,1.0005166
1674,2016-11-18,13.9,1.0005166
1675,2016-11-17,13.9,1.0005166
1676,2016-11-16,13.9,1.0005166
1677,2016-11-14,13.9,1.0005166
1678,2016-11-11,13.9,1.0005166
1679,2016-11-10,13.9,1.0005166
1680,2016-11-09,13.9,1.0005166
1681,2016-11-08,13.9,1.0005166
1682,2016-11-07,13.9,1.0005166
1683,2016-11-04,13.9,1.0005166
1684,2016-11-03,13.9,1.0005166
1685,2016-11-01,13.9,1.0005166
1686,2016-10-31,13.9,1.0005166
1687,2016-10-28,13.9,1.0005166
1688,2016-10-27,13.9,1.0005166
1689,2016-10-26,13.9,1.0005166
1690,2016-10-25,13.9,1.0005166
1691,2016-10-24,13.9,1.0005166
1692,2016-10-21,13.9,1.0005166
1693,2016-10-20,13.9,1.0005166
1694,2016-10-19,14.15,1.00052531
1695,2016-10-18,14.15,1.00052531
1696,2016-10-17,14.15,1.00052531
1697,2016-10-14,14.15,1.00052531
1698,2016-10-13,14.15,1.00052531
1699,2016-10-11,14.15,1.00052531
1700,2016-10-10,14.15,1.00052531
1701,2016-10-07,14.15,1.00052531
1702,2016-10-06,14.15,1.00052531
1703,2016-10-05,14.15,1.00052531
1704,2016-10-04,14.15,1.00052531
1705,2016-10-03,14.15,1.00052531
1706,2016-09-30,14.15,1.00052531
1707,2016-09-29,14.15,1.00052531
1708,2016-09-28,14.15,1.00052531
1709,2016-09-27,14.15,1.00052531
1710,2016-09-26,14.15,1.00052531
1711,2016-09-23,14.15,1.00052531
1712,2016-09-22,14.15,1.00052531
1713,2016-09-21,14.15,1.00052531
1714,2016-09-20,14.15,1.00052531
1715,2016-09-19,14.15,1.00052531
1716,2016-09-16,14.15,1.00052531
1717,2016-09-15,14.15,1.00052531
1718,2016-09-14,14.15,1.00052531
1719,2016-09-13,14.15,1.00052531
1720,2016-09-12,14.15,1.00052531
1721,2016-09-09,14.15,1.00052531
1722,2016-09-08,14.15,1.00052531
1723,2016-09-06,14.15,1.00052531
1724,2016-09-05,14.15,1.00052531
1725,2016-09-02,14.15,1.00052531
1726,2016-09-01,14.15,1.00052531
1727,2016-08-31,14.15,1.00052531
1728,2016-08-30,14.15,1.00052531
1729,2016-08-29,14.15,1.00052531
1730,2016-08-26,14.15,1.00052531
1731,2016-08-25,14.15,1.00052531
1732,2016-08-24,14.15,1.00052531
1733,2016-08-23,14.15,1.00052531
1734,2016-08-22,14.15,1.00052531
1735,2016-08-19,14.15,1.00052531
1736,2016-08-18,14.15,1.00052531
1737,2016-08-17,14.15,1.00052531
1738,2016-08-16,14.15,1.00052531
1739,2016-08-15,14.15,1.00052531
1740,2016-08-12,14.15,1.00052531
1741,2016-08-11,14.15,1.00052531
1742,2016-08-10,14.15,1.00052531
1743,2016-08-09,14.15,1.00052531
1744,2016-08-08,14.15,1.00052531
1745,2016-08-05,14.15,1.00052531
1746,2016-08-04,14.15,1.00052531
1747,2016-08-03,14.15,1.00052531
1748,2016-08-02,14.15,1.00052531
1749,2016-08-01,14.15,1.00052531
1750,2016-07-29,14.15,1.00052531
1751,2016-07-28,14.15,1.00052531
1752,2016-07-27,14.15,1.00052531
1753,2016-07-26,14.15,1.00052531
1754,2016-07-25,14.15,1.00052531
1755,2016-07-22,14.15,1.00052531
1756,2016-07-21,14.15,1.00052531
1757,2016-07-20,14.15,1.00052531
1758,2016-07-19,14.15,1.00052531
1759,2016-07-18,14.15,1.00052531
1760,2016-07-15,14.15,1.00052531
1761,2016-07-14,14.15,1.00052531
1762,2016-07-13,14.15,1.00052531
1763,2016-07-12,14.15,1.00052531
1764,2016-07-11,14.15,1.00052531
1765,2016-07-08,14.15,1.00052531
1766,2016-07-07,14.15,1.00052531
1767,2016-07-06,14.15,1.00052531
1768,2016-07-05,14.15,1.00052531
1769,2016-07-04,14.15,1.00052531
1770,2016-07-01,14.15,1.00052531
1771,2016-06-30,14.15,1.00052531
1772,2016-06-29,14.15,1.00052531
1773,2016-06-28,14.15,1.00052531
1774,2016-06-27,14.15,1.00052531
1775,2016-06-24,14.15,1.00052531
1776,2016-06-23,14.15,1.00052531
1777,2016-06-22,14.15,1.00052531
1778,2016-06-21,14.15,1.00052531
1779,2016-06-20,14.15,1.00052531
1780,2016-06-17,14.15,1.00052531
1781,2016-06-16,14.15,1.00052531
1782,2016-06-15,14.15,1.00052531
1783,2016-06-14,14.15,1.00052531
1784,2016-06-13,14.15,1.00052531
1785,2016-06-10,14.15,1.00052531
1786,2016-06-09,14.15,1.00052531
1787,2016-06-08,14.15,1.00052531
1788,2016-06-07,14.15,1.00052531
1789,2016-06-06,14.15,1.00052531
1790,2016-06-03,14.15,1.00052531
1791,2016-06-02,14.15,1.00052531
1792,2016-06-01,14.15,1.00052531
1793,2016-05-31,14.15,1.00052531
1794,2016-05-30,14.15,1.00052531
1795,2016-05-27,14.15,1.00052531
1796,2016-05-25,14.15,1.00052531
1797,2016-05-24,14.15,1.00052531
1798,2016-05-23,14.15,1.00052531
1799,2016-05-20,14.15,1.00052531
1800,2016-05-19,14.15,1.00052531
1801,2016-05-18,14.15,1.00052531
1802,2016-05-17,14.15,1.00052531
1803,2016-05-16,14.15,1.00052531
1804,2016-05-13,14.15,1.00052531
1805,2016-05-12,14.15,1.00052531
1806,2016-05-11,14.15,1.00052531
1807,2016-05-10,14.15,1.00052531
1808,2016-05-09,14.15,1.00052531
1809,2016-05-06,14.15,1.00052531
1810,2016-05-05,14.15,1.00052531
1811,2016-05-04,14.15,1.00052531
1812,2016-05-03,14.15,1.00052531
1813,2016-05-02,14.15,1.00052531
1814,2016-04-29,14.15,1.00052531
1815,2016-04-28,14.15,1.00052531
1816,2016-04-27,14.15,1.00052531
1817,2016-04-26,14.15,1.00052531
1818,2016-04-25,14.15,1.00052531
1819,2016-04-22,14.15,1.00052531
1820,2016-04-20,14.15,1.00052531
1821,2016-04-19,14.15,1.00052531
1822,2016-04-18,14.15,1.00052531
1823,2016-04-15,14.15,1.00052531
1824,2016-04-14,14.15,1.00052531
1825,2016-04-13,14.15,1.00052531
1826,2016-04-12,14.15,1.00052531
1827,2016-04-11,14.15,1.00052531
1828,2016-04-08,14.15,1.00052531
1829,2016-04-07,14.15,1.00052531
1830,2016-04-06,14.15,1.00052531
1831,2016-04-05,14.15,1.00052531
1832,2016-04-04,14.15,1.00052531
1833,2016-04-01,14.15,1.00052531
1834,2016-03-31,14.15,1.00052531
1835,2016-03-30,14.15,1.00052531
1836,2016-03-29,14.15,1.00052531
1837,2016-03-28,14.15,1.00052531
1838,2016-03-24,14.15,1.00052531
1839,2016-03-23,14.15,1.00052531
1840,2016-03-22,14.15,1.00052531
1841,2016-03-21,14.15,1.00052531
1842,2016-03-18,14.15,1.00052531
1843,2016-03-17,14.15,1.00052531
1844,2016-03-16,14.15,1.00052531
1845,2016-03-15,14.15,1.00052531
1846,2016-03-14,14.15,1.00052531
1847,2016-03-11,14.15,1.00052531
1848,2016-03-10,14.15,1.00052531
1849,2016-03-09,14.15,1.00052531
1850,2016-03-08,14.15,1.00052531
1851,2016-03-07,14.15,1.00052531
1852,2016-03-04,14.15,1.00052531
1853,2016-03-03,14.15,1.00052531
1854,2016-03-02,14.15,1.00052531
1855,2016-03-01,14.15,1.00052531
1856,2016-02-29,14.15,1.00052531
1857,2016-02-26,14.15,1.00052531
1858,2016-02-25,14.15,1.00052531
1859,2016-02-24,14.15,1.00052531
1860,2016-02-23,14.15,1.00052531
1861,2016-02-22,14.15,1.00052531
1862,2016-02-19,14.15,1.00052531
1863,2016-02-18,14.15,1.00052531
1864,2016-02-17,14.15,1.00052531
1865,2016-02-16,14.15,1.00052531
1866,2016-02-15,14.15,1.00052531
1867,2016-02-12,14.15,1.00052531
1868,2016-02-11,14.15,1.00052531
1869,2016-02-10,14.15,1.00052531
1870,2016-02-05,14.15,1.00052531
1871,2016-02-04,14.15,1.00052531
1872,2016-02-03,14.15,1.00052531
1873,2016-02-02,14.15,1.00052531
1874,2016-02-01,14.15,1.00052531
1875,2016-01-29,14.15,1.00052531
1876,2016-01-28,14.15,1.00052531
1877,2016-01-27,14.15,1.00052531
1878,2016-01-26,14.15,1.00052531
1879,2016-01-25,14.15,1.00052531
1880,2016-01-22,14.15,1.00052531
1881,2016-01-21,14.15,1.00052531
1882,2016-01-20,14.15,1.00052531
1883,2016-01-19,14.15,1.00052531
1884,2016-01-18,14.15,1.00052531
1885,2016-01-15,14.15,1.00052531
1886,2016-01-14,14.15,1.00052531
1887,2016-01-13,14.15,1.00052531
1888,2016-01-12,14.15,1.00052531
1889,2016-01-11,14.15,1.00052531
1890,2016-01-08,14.15,1.00052531
1891,2016-01-07,14.15,1.00052531
1892,2016-01-06,14.15,1.00052531
1893,2016-01-05,14.15,1.00052531
1894,2016-01-04,14.15,1.00052531
1895,2015-12-31,14.15,1.00052531
1896,2015-12-30,14.15,1.00052531
1897,2015-12-29,14.15,1.00052531
1898,2015-12-28,14.15,1.00052531
1899,2015-12-24,14.15,1.00052531
1900,2015-12-23,14.15,1.00052531
1901,2015-12-22,14.15,1.00052531
1902,2015-12-21,14.15,1.00052531
1903,2015-12-18,14.15,1.00052531
1904,2015-12-17,14.15,1.00052531
1905,2015-12-16,14.15,1.00052531
1906,2015-12-15,14.15,1.00052531
1907,2015-12-14,14.15,1.00052531
1908,2015-12-11,14.15,1.00052531
1909,2015-12-10,14.15,1.00052531
1910,2015-12-09,14.15,1.00052531
1911,2015-12-08,14.15,1.00052531
1912,2015-12-07,14.15,1.00052531
1913,2015-12-04,14.15,1.00052531
1914,2015-12-03,14.15,1.00052531
1915,2015-12-02,14.15,1.00052531
1916,2015-12-01,14.15,1.00052531
1917,2015-11-30,14.15,1.00052531
1918,2015-11-27,14.15,1.00052531
1919,2015-11-26,14.15,1.00052531
1920,2015-11-25,14.15,1.00052531
1921,2015-11-24,14.15,1.00052531
1922,2015-11-23,14.15,1.00052531
1923,2015-11-20,14.15,1.00052531
1924,2015-11-19,14.15,1.00052531
1925,2015-11-18,14.15,1.00052531
1926,2015-11-17,14.15,1.00052531
1927,2015-11-16,14.15,1.00052531
1928,2015-11-13,14.15,1.00052531
1929,2015-11-12,14.15,1.00052531
1930,2015-11-11,14.15,1.00052531
1931,2015-11-10,14.15,1.00052531
1932,2015-11-09,14.15,1.00052531
1933,2015-11-06,14.15,1.00052531
1934,2015-11-05,14.15,1.00052531
1935,2015-11-04,14.15,1.00052531
1936,2015-11-03,14.15,1.00052531
1937,2015-10-30,14.15,1.00052531
1938,2015-10-29,14.15,1.00052531
1939,2015-10-28,14.15,1.00052531
1940,2015-10-27,14.15,1.00052531
1941,2015-10-26,14.15,1.00052531
1942,2015-10-23,14.15,1.00052531
1943,2015-10-22,14.15,1.00052531
1944,2015-10-21,14.15,1.00052531
1945,2015-10-20,14.15,1.00052531
1946,2015-10-19,14.15,1.00052531
1947,2015-10-16,14.15,1.00052531
1948,2015-10-15,14.15,1.00052531
1949,2015-10-14,14.15,1.00052531
1950,2015-10-13,14.15,1.00052531
1951,2015-10-09,14.15,1.00052531
1952,2015-10-08,14.15,1.00052531
1953,2015-10-07,14.15,1.00052531
1954,2015-10-06,14.15,1.00052531
1955,2015-10-05,14.15,1.00052531
1956,2015-10-02,14.15,1.00052531
1957,2015-10-01,14.15,1.00052531
1958,2015-09-30,14.15,1.00052531
1959,2015-09-29,14.15,1.00052531
1960,2015-09-28,14.15,1.00052531
1961,2015-09-25,14.15,1.00052531
1962,2015-09-24,14.15,1.00052531
1963,2015-09-23,14.15,1.00052531
1964,2015-09-22,14.15,1.00052531
1965,2015-09-21,14.15,1.00052531
1966,2015-09-18,14.15,1.00052531
1967,2015-09-17,14.15,1.00052531
1968,2015-09-16,14.15,1.00052531
1969,2015-09-15,14.15,1.00052531
1970,2015-09-14,14.15,1.00052531
1971,2015-09-11,14.15,1.00052531
1972,2015-09-10,14.15,1.00052531
1973,2015-09-09,14.15,1.00052531
1974,2015-09-08,14.15,1.00052531
1975,2015-09-04,14.15,1.00052531
1976,2015-09-03,14.15,1.00052531
1977,2015-09-02,14.15,1.00052531
1978,2015-09-01,14.15,1.00052531
1979,2015-08-31,14.15,1.00052531
1980,2015-08-28,14.15,1.00052531
1981,2015-08-27,14.15,1.00052531
1982,2015-08-26,14.15,1.00052531
1983,2015-08-25,14.15,1.00052531
1984,2015-08-24,14.15,1.00052531
1985,2015-08-21,14.15,1.00052531
1986,2015-08-20,14.15,1.00052531
1987,2015-08-19,14.15,1.00052531
1988,2015-08-18,14.15,1.00052531
1989,2015-08-17,14.15,1.00052531
1990,2015-08-14,14.15,1.00052531
1991,2015-08-13,14.15,1.00052531
1992,2015-08-12,14.15,1.00052531
1993,2015-08-11,14.15,1.00052531
1994,2015-08-10,14.15,1.00052531
1995,2015-08-07,14.15,1.00052531
1996,2015-08-06,14.15,1.00052531
1997,2015-08-05,14.15,1.00052531
1998,2015-08-04,14.15,1.00052531
1999,2015-08-03,14.15,1.00052531
2000,2015-07-31,14.15,1.00052531
2001,2015-07-30,14.15,1.00052531
2002,2015-07-29,13.65,1.00050788
2003,2015-07-28,13.65,1.00050788
2004,2015-07-27,13.65,1.00050788
2005,2015-07-24,13.65,1.00050788
2006,2015-07-23,13.65,1.00050788
2007,2015-07-22,13.65,1.00050788
2008,2015-07-21,13.65,1.00050788
2009,2015-07-20,13.65,1.00050788
2010,2015-07-17,13.65,1.00050788
2011,2015-07-16,13.65,1.00050788
2012,2015-07-15,13.65,1.00050788
2013,2015-07-14,13.65,1.00050788
2014,2015-07-13,13.65,1.00050788
2015,2015-07-10,13.65,1.00050788
2016,2015-07-09,13.65,1.00050788
2017,2015-07-08,13.65,1.00050788
2018,2015-07-07,13.65,1.00050788
2019,2015-07-06,13.65,1.00050788
2020,2015-07-03,13.65,1.00050788
2021,2015-07-02,13.65,1.00050788
2022,2015-07-01,13.65,1.00050788
2023,2015-06-30,13.65,1.00050788
2024,2015-06-29,13.65,1.00050788
2025,2015-06-26,13.65,1.00050788
2026,2015-06-25,13.65,1.00050788
2027,2015-06-24,13.65,1.00050788
2028,2015-06-23,13.65,1.00050788
2029,2015-06-22,13.65,1.00050788
2030,2015-06-19,13.65,1.00050788
2031,2015-06-18,13.65,1.00050788
2032,2015-06-17,13.65,1.00050788
2033,2015-06-16,13.65,1.00050788
2034,2015-06-15,13.65,1.00050788
2035,2015-06-12,13.65,1.00050788
2036,2015-06-11,13.65,1.00050788
2037,2015-06-10,13.65,1.00050788
2038,2015-06-09,13.65,1.00050788
2039,2015-06-08,13.65,1.00050788
2040,2015-06-05,13.65,1.00050788
2041,2015-06-03,13.15,1.00049037
2042,2015-06-02,13.15,1.00049037
2043,2015-06-01,13.15,1.00049037
2044,2015-05-29,13.15,1.00049037
2045,2015-05-28,13.15,1.00049037
2046,2015-05-27,13.15,1.00049037
2047,2015-05-26,13.15,1.00049037
2048,2015-05-25,13.15,1.00049037
2049,2015-05-22,13.15,1.00049037
2050,2015-05-21,13.15,1.00049037
2051,2015-05-20,13.15,1.00049037
2052,2015-05-19,13.15,1.00049037
2053,2015-05-18,13.15,1.00049037
2054,2015-05-15,13.15,1.00049037
2055,2015-05-14,13.15,1.00049037
2056,2015-05-13,13.15,1.00049037
2057,2015-05-12,13.15,1.00049037
2058,2015-05-11,13.15,1.00049037
2059,2015-05-08,13.15,1.00049037
2060,2015-05-07,13.15,1.00049037
2061,2015-05-06,13.15,1.00049037
2062,2015-05-05,13.15,1.00049037
2063,2015-05-04,13.15,1.00049037
2064,2015-04-30,13.15,1.00049037
2065,2015-04-29,12.67,1.0004735
2066,2015-04-28,12.67,1.0004735
2067,2015-04-27,12.66,1.00047314
2068,2015-04-24,12.65,1.00047279
2069,2015-04-23,12.65,1.00047279
2070,2015-04-22,12.65,1.00047279
2071,2015-04-20,12.65,1.00047279
2072,2015-04-17,12.65,1.00047279
2073,2015-04-16,12.65,1.00047279
2074,2015-04-15,12.65,1.00047279
2075,2015-04-14,12.65,1.00047279
2076,2015-04-13,12.65,1.00047279
2077,2015-04-10,12.65,1.00047279
2078,2015-04-09,12.65,1.00047279
2079,2015-04-08,12.65,1.00047279
2080,2015-04-07,12.65,1.00047279
2081,2015-04-06,12.65,1.00047279
2082,2015-04-02,12.65,1.00047279
2083,2015-04-01,12.65,1.00047279
2084,2015-03-31,12.65,1.00047279
2085,2015-03-30,12.65,1.00047279
2086,2015-03-27,12.65,1.00047279
2087,2015-03-26,12.65,1.00047279
2088,2015-03-25,12.65,1.00047279
2089,2015-03-24,12.65,1.00047279
2090,2015-03-23,12.65,1.00047279
2091,2015-03-20,12.65,1.00047279
2092,2015-03-19,12.65,1.00047279
2093,2015-03-18,12.65,1.00047279
2094,2015-03-17,12.65,1.00047279
2095,2015-03-16,12.65,1.00047279
2096,2015-03-13,12.65,1.00047279
2097,2015-03-12,12.65,1.00047279
2098,2015-03-11,12.65,1.00047279
2099,2015-03-10,12.65,1.00047279
2100,2015-03-09,12.65,1.00047279
2101,2015-03-06,12.65,1.00047279
2102,2015-03-05,12.65,1.00047279
2103,2015-03-04,12.15,1.00045513
2104,2015-03-03,12.15,1.00045513
2105,2015-03-02,12.15,1.00045513
2106,2015-02-27,12.15,1.00045513
2107,2015-02-26,12.15,1.00045513
2108,2015-02-25,12.15,1.00045513
2109,2015-02-24,12.15,1.00045513
2110,2015-02-23,12.15,1.00045513
2111,2015-02-20,12.15,1.00045513
2112,2015-02-19,12.15,1.00045513
2113,2015-02-18,12.15,1.00045513
2114,2015-02-13,12.15,1.00045513
2115,2015-02-12,12.15,1.00045513
2116,2015-02-11,12.15,1.00045513
2117,2015-02-10,12.15,1.00045513
2118,2015-02-09,12.15,1.00045513
2119,2015-02-06,12.15,1.00045513
2120,2015-02-05,12.15,1.00045513
2121,2015-02-04,12.15,1.00045513
2122,2015-02-03,12.15,1.00045513
2123,2015-02-02,12.15,1.00045513
2124,2015-01-30,12.15,1.00045513
2125,2015-01-29,12.15,1.00045513
2126,2015-01-28,12.15,1.00045513
2127,2015-01-27,12.15,1.00045513
2128,2015-01-26,12.15,1.00045513
2129,2015-01-23,12.15,1.00045513
2130,2015-01-22,12.15,1.00045513
2131,2015-01-21,11.65,1.00043739
2132,2015-01-20,11.65,1.00043739
2133,2015-01-19,11.65,1.00043739
2134,2015-01-16,11.65,1.00043739
2135,2015-01-15,11.65,1.00043739
2136,2015-01-14,11.65,1.00043739
2137,2015-01-13,11.65,1.00043739
2138,2015-01-12,11.65,1.00043739
2139,2015-01-09,11.65,1.00043739
2140,2015-01-08,11.65,1.00043739
2141,2015-01-07,11.65,1.00043739
2142,2015-01-06,11.65,1.00043739
2143,2015-01-05,11.65,1.00043739
2144,2015-01-02,11.65,1.00043739
2145,2014-12-31,11.65,1.00043739
2146,2014-12-30,11.65,1.00043739
2147,2014-12-29,11.65,1.00043739
2148,2014-12-26,11.65,1.00043739
2149,2014-12-24,11.65,1.00043739
2150,2014-12-23,11.65,1.00043739
2151,2014-12-22,11.65,1.00043739
2152,2014-12-19,11.65,1.00043739
2153,2014-12-18,11.65,1.00043739
2154,2014-12-17,11.65,1.00043739
2155,2014-12-16,11.65,1.00043739
2156,2014-12-15,11.65,1.00043739
2157,2014-12-12,11.65,1.00043739
2158,2014-12-11,11.65,1.00043739
2159,2014-12-10,11.65,1.00043739
2160,2014-12-09,11.65,1.00043739
2161,2014-12-08,11.65,1.00043739
2162,2014-12-05,11.65,1.00043739
2163,2014-12-04,11.65,1.00043739
2164,2014-12-03,11.15,1.00041957
2165,2014-12-02,11.15,1.00041957
2166,2014-12-01,11.15,1.00041957
2167,2014-11-28,11.15,1.00041957
2168,2014-11-27,11.15,1.00041957
2169,2014-11-26,11.15,1.00041957
2170,2014-11-25,11.15,1.00041957
2171,2014-11-24,11.15,1.00041957
2172,2014-11-21,11.15,1.00041957
2173,2014-11-20,11.15,1.00041957
2174,2014-11-19,11.15,1.00041957
2175,2014-11-18,11.15,1.00041957
2176,2014-11-17,11.15,1.00041957
2177,2014-11-14,11.15,1.00041957
2178,2014-11-13,11.15,1.00041957
2179,2014-11-12,11.15,1.00041957
2180,2014-11-11,11.15,1.00041957
2181,2014-11-10,11.15,1.00041957
2182,2014-11-07,11.15,1.00041957
2183,2014-11-06,11.15,1.00041957
2184,2014-11-05,11.15,1.00041957
2185,2014-11-04,11.15,1.00041957
2186,2014-11-03,11.15,1.00041957
2187,2014-10-31,11.15,1.00041957
2188,2014-10-30,11.15,1.00041957
2189,2014-10-29,10.9,1.00041063
2190,2014-10-28,10.9,1.00041063
2191,2014-10-27,10.9,1.00041063
2192,2014-10-24,10.9,1.00041063
2193,2014-10-23,10.9,1.00041063
2194,2014-10-22,10.9,1.00041063
2195,2014-10-21,10.9,1.00041063
2196,2014-10-20,10.9,1.00041063
2197,2014-10-17,10.9,1.00041063
2198,2014-10-16,10.9,1.00041063
2199,2014-10-15,10.9,1.00041063
2200,2014-10-14,10.9,1.00041063
2201,2014-10-13,10.9,1.00041063
2202,2014-10-10,10.9,1.00041063
2203,2014-10-09,10.9,1.00041063
2204,2014-10-08,10.9,1.00041063
2205,2014-10-07,10.9,1.00041063
2206,2014-10-06,10.9,1.00041063
2207,2014-10-03,10.9,1.00041063
2208,2014-10-02,10.9,1.00041063
2209,2014-10-01,10.9,1.00041063
2210,2014-09-30,10.9,1.00041063
2211,2014-09-29,10.9,1.00041063
2212,2014-09-26,10.9,1.00041063
2213,2014-09-25,10.9,1.00041063
2214,2014-09-24,10.9,1.00041063
2215,2014-09-23,10.9,1.00041063
2216,2014-09-22,10.9,1.00041063
2217,2014-09-19,10.9,1.00041063
2218,2014-09-18,10.9,1.00041063
2219,2014-09-17,10.9,1.00041063
2220,2014-09-16,10.9,1.00041063
2221,2014-09-15,10.9,1.00041063
2222,2014-09-12,10.9,1.00041063
2223,2014-09-11,10.9,1.00041063
2224,2014-09-10,10.9,1.00041063
2225,2014-09-09,10.9,1.00041063
2226,2014-09-08,10.9,1.00041063
2227,2014-09-05,10.9,1.00041063
2228,2014-09-04,10.9,1.00041063
2229,2014-09-03,10.9,1.00041063
2230,2014-09-02,10.9,1.00041063
2231,2014-09-01,10.9,1.00041063
2232,2014-08-29,10.9,1.00041063
2233,2014-08-28,10.9,1.00041063
2234,2014-08-27,10.9,1.00041063
2235,2014-08-26,10.9,1.00041063
2236,2014-08-25,10.9,1.00041063
2237,2014-08-22,10.9,1.00041063
2238,2014-08-21,10.91,1.00041099
2239,2014-08-20,10.91,1.00041099
2240,2014-08-19,10.9,1.00041063
2241,2014-08-18,10.9,1.00041063
2242,2014-08-15,10.91,1.00041099
2243,2014-08-14,10.9,1.00041063
2244,2014-08-13,10.9,1.00041063
2245,2014-08-12,10.9,1.00041063
2246,2014-08-11,10.9,1.00041063
2247,2014-08-08,10.9,1.00041063
2248,2014-08-07,10.9,1.00041063
2249,2014-08-06,10.9,1.00041063
2250,2014-08-05,10.9,1.00041063
2251,2014-08-04,10.9,1.00041063
2252,2014-08-01,10.9,1.00041063
2253,2014-07-31,10.9,1.00041063
2254,2014-07-30,10.9,1.00041063
2255,2014-07-29,10.9,1.00041063
2256,2014-07-28,10.9,1.00041063
2257,2014-07-25,10.9,1.00041063
2258,2014-07-24,10.9,1.00041063
2259,2014-07-23,10.9,1.00041063
2260,2014-07-22,10.9,1.00041063
2261,2014-07-21,10.9,1.00041063
2262,2014-07-18,10.9,1.00041063
2263,2014-07-17,10.9,1.00041063
2264,2014-07-16,10.9,1.00041063
2265,2014-07-15,10.9,1.00041063
2266,2014-07-14,10.9,1.00041063
2267,2014-07-11,10.9,1.00041063
2268,2014-07-10,10.9,1.00041063
2269,2014-07-09,10.9,1.00041063
2270,2014-07-08,10.9,1.00041063
2271,2014-07-07,10.9,1.00041063
2272,2014-07-04,10.9,1.00041063
2273,2014-07-03,10.9,1.00041063
2274,2014-07-02,10.9,1.00041063
2275,2014-07-01,10.9,1.00041063
2276,2014-06-30,10.9,1.00041063
2277,2014-06-27,10.9,1.00041063
2278,2014-06-26,10.9,1.00041063
2279,2014-06-25,10.9,1.00041063
2280,2014-06-24,10.9,1.00041063
2281,2014-06-23,10.9,1.00041063
2282,2014-06-20,10.9,1.00041063
2283,2014-06-18,10.9,1.00041063
2284,2014-06-17,10.9,1.00041063
2285,2014-06-16,10.9,1.00041063
2286,2014-06-13,10.9,1.00041063
2287,2014-06-12,10.9,1.00041063
2288,2014-06-11,10.9,1.00041063
2289,2014-06-10,10.9,1.00041063
2290,2014-06-09,10.9,1.00041063
2291,2014-06-06,10.9,1.00041063
2292,2014-06-05,10.9,1.00041063
2293,2014-06-04,10.9,1.00041063
2294,2014-06-03,10.9,1.00041063
2295,2014-06-02,10.9,1.00041063
2296,2014-05-30,10.9,1.00041063
2297,2014-05-29,10.9,1.00041063
2298,2014-05-28,10.9,1.00041063
2299,2014-05-27,10.9,1.00041063
2300,2014-05-26,10.9,1.00041063
2301,2014-05-23,10.9,1.00041063
2302,2014-05-22,10.9,1.00041063
2303,2014-05-21,10.9,1.00041063
2304,2014-05-20,10.9,1.00041063
2305,2014-05-19,10.9,1.00041063
2306,2014-05-16,10.9,1.00041063
2307,2014-05-15,10.9,1.00041063
2308,2014-05-14,10.9,1.00041063
2309,2014-05-13,10.9,1.00041063
2310,2014-05-12,10.9,1.00041063
2311,2014-05-09,10.9,1.00041063
2312,2014-05-08,10.9,1.00041063
2313,2014-05-07,10.9,1.00041063
2314,2014-05-06,10.9,1.00041063
2315,2014-05-05,10.9,1.00041063
2316,2014-05-02,10.9,1.00041063
2317,2014-04-30,10.9,1.00041063
2318,2014-04-29,10.9,1.00041063
2319,2014-04-28,10.9,1.00041063
2320,2014-04-25,10.9,1.00041063
2321,2014-04-24,10.9,1.00041063
2322,2014-04-23,10.9,1.00041063
2323,2014-04-22,10.9,1.00041063
2324,2014-04-17,10.9,1.00041063
2325,2014-04-16,10.9,1.00041063
2326,2014-04-15,10.9,1.00041063
2327,2014-04-14,10.9,1.00041063
2328,2014-04-11,10.9,1.00041063
2329,2014-04-10,10.9,1.00041063
2330,2014-04-09,10.9,1.00041063
2331,2014-04-08,10.9,1.00041063
2332,2014-04-07,10.9,1.00041063
2333,2014-04-04,10.9,1.00041063
2334,2014-04-03,10.9,1.00041063
2335,2014-04-02,10.65,1.00040168
2336,2014-04-01,10.65,1.00040168
2337,2014-03-31,10.65,1.00040168
2338,2014-03-28,10.65,1.00040168
2339,2014-03-27,10.65,1.00040168
2340,2014-03-26,10.65,1.00040168
2341,2014-03-25,10.65,1.00040168
2342,2014-03-24,10.65,1.00040168
2343,2014-03-21,10.65,1.00040168
2344,2014-03-20,10.65,1.00040168
2345,2014-03-19,10.65,1.00040168
2346,2014-03-18,10.65,1.00040168
2347,2014-03-17,10.65,1.00040168
2348,2014-03-14,10.65,1.00040168
2349,2014-03-13,10.65,1.00040168
2350,2014-03-12,10.65,1.00040168
2351,2014-03-11,10.65,1.00040168
2352,2014-03-10,10.65,1.00040168
2353,2014-03-07,10.65,1.00040168
2354,2014-03-06,10.65,1.00040168
2355,2014-03-05,10.65,1.00040168
2356,2014-02-28,10.65,1.00040168
2357,2014-02-27,10.65,1.00040168
2358,2014-02-26,10.4,1.0003927
2359,2014-02-25,10.4,1.0003927
2360,2014-02-24,10.4,1.0003927
2361,2014-02-21,10.4,1.0003927
2362,2014-02-20,10.4,1.0003927
2363,2014-02-19,10.4,1.0003927
2364,2014-02-18,10.4,1.0003927
2365,2014-02-17,10.4,1.0003927
2366,2014-02-14,10.4,1.0003927
2367,2014-02-13,10.4,1.0003927
2368,2014-02-12,10.4,1.0003927
2369,2014-02-11,10.4,1.0003927
2370,2014-02-10,10.4,1.0003927
2371,2014-02-07,10.4,1.0003927
2372,2014-02-06,10.4,1.0003927
2373,2014-02-05,10.4,1.0003927
2374,2014-02-04,10.4,1.0003927
2375,2014-02-03,10.4,1.0003927
2376,2014-01-31,10.4,1.0003927
2377,2014-01-30,10.4,1.0003927
2378,2014-01-29,10.4,1.0003927
2379,2014-01-28,10.4,1.0003927
2380,2014-01-27,10.4,1.0003927
2381,2014-01-24,10.4,1.0003927
2382,2014-01-23,10.4,1.0003927
2383,2014-01-22,10.4,1.0003927
2384,2014-01-21,10.4,1.0003927
2385,2014-01-20,10.4,1.0003927
2386,2014-01-17,10.4,1.0003927
2387,2014-01-16,10.4,1.0003927
2388,2014-01-15,9.9,1.00037468
2389,2014-01-14,9.9,1.00037468
2390,2014-01-13,9.9,1.00037468
2391,2014-01-10,9.9,1.00037468
2392,2014-01-09,9.9,1.00037468
2393,2014-01-08,9.9,1.00037468
2394,2014-01-07,9.9,1.00037468
2395,2014-01-06,9.9,1.00037468
2396,2014-01-03,9.9,1.00037468
2397,2014-01-02,9.9,1.00037468
2398,2013-12-31,9.9,1.00037468
2399,2013-12-30,9.9,1.00037468
2400,2013-12-27,9.9,1.00037468
2401,2013-12-26,9.9,1.00037468
2402,2013-12-24,9.9,1.00037468
2403,2013-12-23,9.9,1.00037468
2404,2013-12-20,9.9,1.00037468
2405,2013-12-19,9.9,1.00037468
2406,2013-12-18,9.9,1.00037468
2407,2013-12-17,9.9,1.00037468
2408,2013-12-16,9.9,1.00037468
2409,2013-12-13,9.9,1.00037468
2410,2013-12-12,9.9,1.00037468
2411,2013-12-11,9.9,1.00037468
2412,2013-12-10,9.9,1.00037468
2413,2013-12-09,9.9,1.00037468
2414,2013-12-06,9.89,1.00037431
2415,2013-12-05,9.9,1.00037468
2416,2013-12-04,9.9,1.00037468
2417,2013-12-03,9.9,1.00037468
2418,2013-12-02,9.9,1.00037468
2419,2013-11-29,9.9,1.00037468
2420,2013-11-28,9.9,1.00037468
2421,2013-11-27,9.4,1.00035657
2422,2013-11-26,9.4,1.00035657
2423,2013-11-25,9.4,1.00035657
2424,2013-11-22,9.4,1.00035657
2425,2013-11-21,9.4,1.00035657
2426,2013-11-20,9.4,1.00035657
2427,2013-11-19,9.4,1.00035657
2428,2013-11-18,9.4,1.00035657
2429,2013-11-14,9.4,1.00035657
2430,2013-11-13,9.4,1.00035657
2431,2013-11-12,9.4,1.00035657
2432,2013-11-11,9.4,1.00035657
2433,2013-11-08,9.4,1.00035657
2434,2013-11-07,9.4,1.00035657
2435,2013-11-06,9.4,1.00035657
2436,2013-11-05,9.4,1.00035657
2437,2013-11-04,9.4,1.00035657
2438,2013-11-01,9.4,1.00035657
2439,2013-10-31,9.4,1.00035657
2440,2013-10-30,9.4,1.00035657
2441,2013-10-29,9.4,1.00035657
2442,2013-10-28,9.4,1.00035657
2443,2013-10-25,9.4,1.00035657
2444,2013-10-24,9.4,1.00035657
2445,2013-10-23,9.4,1.00035657
2446,2013-10-22,9.4,1.00035657
2447,2013-10-21,9.4,1.00035657
2448,2013-10-18,9.4,1.00035657
2449,2013-10-17,9.4,1.00035657
2450,2013-10-16,9.4,1.00035657
2451,2013-10-15,9.4,1.00035657
2452,2013-10-14,9.4,1.00035657
2453,2013-10-11,9.4,1.00035657
2454,2013-10-10,9.4,1.00035657
2455,2013-10-09,8.9,1.00033839
2456,2013-10-08,8.9,1.00033839
2457,2013-10-07,8.9,1.00033839
2458,2013-10-04,8.9,1.00033839
2459,2013-10-03,8.9,1.00033839
2460,2013-10-02,8.9,1.00033839
2461,2013-10-01,8.9,1.00033839
2462,2013-09-30,8.9,1.00033839
2463,2013-09-27,8.9,1.00033839
2464,2013-09-26,8.9,1.00033839
2465,2013-09-25,8.9,1.00033839
2466,2013-09-24,8.9,1.00033839
2467,2013-09-23,8.9,1.00033839
2468,2013-09-20,8.9,1.00033839
2469,2013-09-19,8.9,1.00033839
2470,2013-09-18,8.9,1.00033839
2471,2013-09-17,8.9,1.00033839
2472,2013-09-16,8.9,1.00033839
2473,2013-09-13,8.9,1.00033839
2474,2013-09-12,8.9,1.00033839
2475,2013-09-11,8.9,1.00033839
2476,2013-09-10,8.9,1.00033839
2477,2013-09-09,8.9,1.00033839
2478,2013-09-06,8.9,1.00033839
2479,2013-09-05,8.9,1.00033839
2480,2013-09-04,8.9,1.00033839
2481,2013-09-03,8.9,1.00033839
2482,2013-09-02,8.9,1.00033839
2483,2013-08-30,8.9,1.00033839
2484,2013-08-29,8.9,1.00033839
2485,2013-08-28,8.4,1.00032012
2486,2013-08-27,8.4,1.00032012
2487,2013-08-26,8.4,1.00032012
2488,2013-08-23,8.4,1.00032012
2489,2013-08-22,8.4,1.00032012
2490,2013-08-21,8.4,1.00032012
2491,2013-08-20,8.4,1.00032012
2492,2013-08-19,8.4,1.00032012
2493,2013-08-16,8.4,1.00032012
2494,2013-08-15,8.4,1.00032012
2495,2013-08-14,8.4,1.00032012
2496,2013-08-13,8.4,1.00032012
2497,2013-08-12,8.4,1.00032012
2498,2013-08-09,8.4,1.00032012
2499,2013-08-08,8.4,1.00032012
2500,2013-08-07,8.4,1.00032012
2501,2013-08-06,8.4,1.00032012
2502,2013-08-05,8.4,1.00032012
2503,2013-08-02,8.4,1.00032012
2504,2013-08-01,8.4,1.00032012
2505,2013-07-31,8.4,1.00032012
2506,2013-07-30,8.4,1.00032012
2507,2013-07-29,8.4,1.00032012
2508,2013-07-26,8.4,1.00032012
2509,2013-07-25,8.4,1.00032012
2510,2013-07-24,8.4,1.00032012
2511,2013-07-23,8.4,1.00032012
2512,2013-07-22,8.4,1.00032012
